,지역(1),지역(2),주택유형,매매가격,연도
0,전국,전국,종합,88.67062463,2010
1,서울특별시,서울특별시,종합,95.00642822,2010
2,서울특별시,종로구,종합,92.81538407,2010
3,서울특별시,중구,종합,95.83413524,2010
4,서울특별시,용산구,종합,100.1108595,2010
5,서울특별시,성동구,종합,94.95448092,2010
6,서울특별시,광진구,종합,90.90012314,2010
7,서울특별시,동대문구,종합,94.01337428,2010
8,서울특별시,중랑구,종합,96.24502972,2010
9,서울특별시,성북구,종합,96.08459493,2010
10,서울특별시,강북구,종합,98.94375256,2010
11,서울특별시,도봉구,종합,101.0109208,2010
12,서울특별시,노원구,종합,94.12749182,2010
13,서울특별시,은평구,종합,95.42553391,2010
14,서울특별시,서대문구,종합,96.53943281,2010
15,서울특별시,마포구,종합,91.66259323,2010
16,서울특별시,양천구,종합,98.10234962,2010
17,서울특별시,강서구,종합,96.09341778,2010
18,서울특별시,구로구,종합,93.98153454,2010
19,서울특별시,금천구,종합,94.95773889,2010
20,서울특별시,영등포구,종합,94.52537159,2010
21,서울특별시,동작구,종합,92.60650229,2010
22,서울특별시,관악구,종합,92.99916064,2010
23,서울특별시,서초구,종합,91.80906259,2010
24,서울특별시,강남구,종합,92.60013366,2010
25,서울특별시,송파구,종합,95.10574354,2010
26,서울특별시,강동구,종합,95.54217082,2010
27,경기도,경기도,종합,95.07751101,2010
28,경기도,과천시,종합,100.7414376,2010
29,경기도,안양시,종합,93.96598597,2010
30,경기도,성남시,종합,96.91720862,2010
31,경기도,군포시,종합,92.66709407,2010
32,경기도,의왕시,종합,89.14309079,2010
33,경기도,안성시,종합,82.65098406,2010
34,경기도,용인시,종합,101.5473338,2010
35,경기도,수원시,종합,91.51011777,2010
36,경기도,부천시,종합,99.36451531,2010
37,경기도,안산시,종합,89.4229205,2010
38,경기도,시흥시,종합,92.79631796,2010
39,경기도,광명시,종합,84.30156335,2010
40,경기도,화성시,종합,92.49083539,2010
41,경기도,오산시,종합,88.94821263,2010
42,경기도,평택시,종합,86.8188021,2010
43,경기도,남양주시,종합,99.8956085,2010
44,경기도,구리시,종합,95.11036883,2010
45,경기도,하남시,종합,94.89794789,2010
46,경기도,광주시,종합,98.75219476,2010
47,경기도,이천시,종합,87.85162387,2010
48,경기도,여주시,종합,,2010
49,경기도,김포시,종합,97.29770786,2010
50,경기도,고양시,종합,94.9233152,2010
51,경기도,파주시,종합,102.6200182,2010
52,경기도,포천시,종합,,2010
53,경기도,동두천시,종합,109.5790088,2010
54,경기도,양주시,종합,103.2393704,2010
55,경기도,의정부시,종합,99.9962207,2010
56,인천광역시,인천광역시,종합,99.94012932,2010
57,부산광역시,부산광역시,종합,80.15047425,2010
58,대구광역시,대구광역시,종합,70.55128916,2010
59,광주광역시,광주광역시,종합,76.25274039,2010
60,대전광역시,대전광역시,종합,88.91416385,2010
61,울산광역시,울산광역시,종합,80.98064859,2010
62,세종특별자치시,세종특별자치시,종합,,2010
63,강원도,강원도,종합,81.16296407,2010
64,충청북도,충청북도,종합,82.24108463,2010
65,충청남도,충청남도,종합,86.18742318,2010
66,전라북도,전라북도,종합,89.47637184,2010
67,전라남도,전라남도,종합,89.02367032,2010
68,경상북도,경상북도,종합,82.75884267,2010
69,경상남도,경상남도,종합,82.03946564,2010
70,제주특별자치도,제주특별자치도,종합,78.51332208,2010
71,전국,전국,아파트,85.49051317,2010
72,서울특별시,서울특별시,아파트,93.3701735,2010
73,서울특별시,종로구,아파트,92.01123508,2010
74,서울특별시,중구,아파트,98.47695906,2010
75,서울특별시,용산구,아파트,102.8574211,2010
76,서울특별시,성동구,아파트,91.72535153,2010
77,서울특별시,광진구,아파트,93.98274813,2010
78,서울특별시,동대문구,아파트,92.21811672,2010
79,서울특별시,중랑구,아파트,97.80505168,2010
80,서울특별시,성북구,아파트,93.85706131,2010
81,서울특별시,강북구,아파트,98.40560545,2010
82,서울특별시,도봉구,아파트,99.26942982,2010
83,서울특별시,노원구,아파트,92.47865385,2010
84,서울특별시,은평구,아파트,93.21251343,2010
85,서울특별시,서대문구,아파트,91.36876993,2010
86,서울특별시,마포구,아파트,89.43544102,2010
87,서울특별시,양천구,아파트,95.6699995,2010
88,서울특별시,강서구,아파트,93.59862579,2010
89,서울특별시,구로구,아파트,91.0067584,2010
90,서울특별시,금천구,아파트,91.07165769,2010
91,서울특별시,영등포구,아파트,93.43608003,2010
92,서울특별시,동작구,아파트,92.11952794,2010
93,서울특별시,관악구,아파트,91.16999235,2010
94,서울특별시,서초구,아파트,91.03234463,2010
95,서울특별시,강남구,아파트,91.45881443,2010
96,서울특별시,송파구,아파트,93.66307218,2010
97,서울특별시,강동구,아파트,92.13302507,2010
98,경기도,경기도,아파트,93.60468393,2010
99,경기도,과천시,아파트,100.6779904,2010
100,경기도,안양시,아파트,89.08083349,2010
101,경기도,성남시,아파트,96.48425813,2010
102,경기도,군포시,아파트,91.5966995,2010
103,경기도,의왕시,아파트,87.37261067,2010
104,경기도,안성시,아파트,77.29889662,2010
105,경기도,용인시,아파트,101.9195142,2010
106,경기도,수원시,아파트,89.79770811,2010
107,경기도,부천시,아파트,96.46120222,2010
108,경기도,안산시,아파트,87.23955965,2010
109,경기도,시흥시,아파트,90.29545292,2010
110,경기도,광명시,아파트,79.53171859,2010
111,경기도,화성시,아파트,92.39336775,2010
112,경기도,오산시,아파트,89.18506113,2010
113,경기도,평택시,아파트,83.46254089,2010
114,경기도,남양주시,아파트,98.65231183,2010
115,경기도,구리시,아파트,93.78438251,2010
116,경기도,하남시,아파트,91.75091733,2010
117,경기도,광주시,아파트,98.89546869,2010
118,경기도,이천시,아파트,80.57184242,2010
119,경기도,여주시,아파트,,2010
120,경기도,김포시,아파트,97.75150646,2010
121,경기도,고양시,아파트,93.22368761,2010
122,경기도,파주시,아파트,101.7214469,2010
123,경기도,포천시,아파트,,2010
124,경기도,동두천시,아파트,107.6639255,2010
125,경기도,양주시,아파트,102.9096,2010
126,경기도,의정부시,아파트,102.1543231,2010
127,인천광역시,인천광역시,아파트,96.80827593,2010
128,부산광역시,부산광역시,아파트,75.54356197,2010
129,대구광역시,대구광역시,아파트,64.74393237,2010
130,광주광역시,광주광역시,아파트,70.20421624,2010
131,대전광역시,대전광역시,아파트,86.60164901,2010
132,울산광역시,울산광역시,아파트,77.08485071,2010
133,세종특별자치시,세종특별자치시,아파트,,2010
134,강원도,강원도,아파트,74.50450486,2010
135,충청북도,충청북도,아파트,77.40903651,2010
136,충청남도,충청남도,아파트,80.66163333,2010
137,전라북도,전라북도,아파트,87.31449232,2010
138,전라남도,전라남도,아파트,84.51657733,2010
139,경상북도,경상북도,아파트,75.39313685,2010
140,경상남도,경상남도,아파트,81.34020616,2010
141,제주특별자치도,제주특별자치도,아파트,65.88465733,2010
142,전국,전국,연립다세대,95.5033789,2010
143,서울특별시,서울특별시,연립다세대,98.26481308,2010
144,경기도,경기도,연립다세대,98.60784841,2010
145,인천광역시,인천광역시,연립다세대,107.5245217,2010
146,부산광역시,부산광역시,연립다세대,86.42049421,2010
147,대구광역시,대구광역시,연립다세대,82.06512216,2010
148,경기도,광주시,연립다세대,89.59078694,2010
149,대전광역시,대전광역시,연립다세대,87.86937672,2010
150,울산광역시,울산광역시,연립다세대,85.98827183,2010
151,세종특별자치시,세종특별자치시,연립다세대,,2010
152,강원도,강원도,연립다세대,82.69620975,2010
153,충청북도,충청북도,연립다세대,86.15388617,2010
154,충청남도,충청남도,연립다세대,91.11977845,2010
155,전라북도,전라북도,연립다세대,86.28970898,2010
156,전라남도,전라남도,연립다세대,86.70303692,2010
157,경상북도,경상북도,연립다세대,86.34458154,2010
158,경상남도,경상남도,연립다세대,85.74298864,2010
159,제주특별자치도,제주특별자치도,연립다세대,82.16320116,2010
160,전국,전국,단독주택,92.2173978,2010
161,서울특별시,서울특별시,단독주택,94.37302439,2010
162,경기도,경기도,단독주택,96.84407571,2010
163,인천광역시,인천광역시,단독주택,100.8651515,2010
164,부산광역시,부산광역시,단독주택,87.09923582,2010
165,대구광역시,대구광역시,단독주택,88.21773713,2010
166,광주광역시,광주광역시,단독주택,96.08800708,2010
167,대전광역시,대전광역시,단독주택,94.7885342,2010
168,울산광역시,울산광역시,단독주택,90.3665141,2010
169,세종특별자치시,세종특별자치시,단독주택,,2010
170,강원도,강원도,단독주택,93.540207,2010
171,충청북도,충청북도,단독주택,92.26882728,2010
172,충청남도,충청남도,단독주택,92.35964034,2010
173,전라북도,전라북도,단독주택,94.0801204,2010
174,전라남도,전라남도,단독주택,95.18473572,2010
175,경상북도,경상북도,단독주택,92.74087317,2010
176,경상남도,경상남도,단독주택,82.72829165,2010
177,제주특별자치도,제주특별자치도,단독주택,84.36460755,2010
178,전국,전국,종합,94.11182103,2011
179,서울특별시,서울특별시,종합,95.66122807,2011
180,서울특별시,종로구,종합,94.85901966,2011
181,서울특별시,중구,종합,96.55519283,2011
182,서울특별시,용산구,종합,98.72960623,2011
183,서울특별시,성동구,종합,95.27484574,2011
184,서울특별시,광진구,종합,96.20598836,2011
185,서울특별시,동대문구,종합,95.4314511,2011
186,서울특별시,중랑구,종합,96.71248397,2011
187,서울특별시,성북구,종합,96.1636612,2011
188,서울특별시,강북구,종합,99.80086177,2011
189,서울특별시,도봉구,종합,100.998378,2011
190,서울특별시,노원구,종합,93.11208819,2011
191,서울특별시,은평구,종합,95.60188953,2011
192,서울특별시,서대문구,종합,98.18943643,2011
193,서울특별시,마포구,종합,91.4206157,2011
194,서울특별시,양천구,종합,97.44030896,2011
195,서울특별시,강서구,종합,96.86492593,2011
196,서울특별시,구로구,종합,94.14166537,2011
197,서울특별시,금천구,종합,97.05055961,2011
198,서울특별시,영등포구,종합,94.44136212,2011
199,서울특별시,동작구,종합,93.47379473,2011
200,서울특별시,관악구,종합,95.73903245,2011
201,서울특별시,서초구,종합,92.90659242,2011
202,서울특별시,강남구,종합,92.66277548,2011
203,서울특별시,송파구,종합,96.54118555,2011
204,서울특별시,강동구,종합,96.95607817,2011
205,경기도,경기도,종합,96.58280449,2011
206,경기도,과천시,종합,97.56333317,2011
207,경기도,안양시,종합,95.88054569,2011
208,경기도,성남시,종합,96.50093018,2011
209,경기도,군포시,종합,95.52409849,2011
210,경기도,의왕시,종합,92.294863,2011
211,경기도,안성시,종합,87.88661235,2011
212,경기도,용인시,종합,101.9688899,2011
213,경기도,수원시,종합,94.67468294,2011
214,경기도,부천시,종합,99.25471878,2011
215,경기도,안산시,종합,92.22469382,2011
216,경기도,시흥시,종합,94.00928355,2011
217,경기도,광명시,종합,85.5400138,2011
218,경기도,화성시,종합,96.78148253,2011
219,경기도,오산시,종합,96.87243482,2011
220,경기도,평택시,종합,92.77380616,2011
221,경기도,남양주시,종합,100.9784605,2011
222,경기도,구리시,종합,96.72965609,2011
223,경기도,하남시,종합,96.50083746,2011
224,경기도,광주시,종합,98.6526532,2011
225,경기도,이천시,종합,90.80939835,2011
226,경기도,여주시,종합,,2011
227,경기도,김포시,종합,94.40676721,2011
228,경기도,고양시,종합,94.85347262,2011
229,경기도,파주시,종합,102.9838401,2011
230,경기도,포천시,종합,,2011
231,경기도,동두천시,종합,109.5945414,2011
232,경기도,양주시,종합,103.3190273,2011
233,경기도,의정부시,종합,101.3509326,2011
234,인천광역시,인천광역시,종합,98.36737663,2011
235,부산광역시,부산광역시,종합,92.90458617,2011
236,대구광역시,대구광역시,종합,76.89856391,2011
237,광주광역시,광주광역시,종합,88.27972915,2011
238,대전광역시,대전광역시,종합,99.88841266,2011
239,울산광역시,울산광역시,종합,91.03225383,2011
240,세종특별자치시,세종특별자치시,종합,,2011
241,강원도,강원도,종합,91.56126589,2011
242,충청북도,충청북도,종합,93.42850266,2011
243,충청남도,충청남도,종합,92.75791172,2011
244,전라북도,전라북도,종합,99.99798841,2011
245,전라남도,전라남도,종합,96.77716051,2011
246,경상북도,경상북도,종합,88.04650866,2011
247,경상남도,경상남도,종합,98.73401118,2011
248,제주특별자치도,제주특별자치도,종합,82.61548501,2011
249,전국,전국,아파트,92.49446303,2011
250,서울특별시,서울특별시,아파트,93.0135875,2011
251,서울특별시,종로구,아파트,92.92849122,2011
252,서울특별시,중구,아파트,98.32174546,2011
253,서울특별시,용산구,아파트,102.6222381,2011
254,서울특별시,성동구,아파트,92.06504263,2011
255,서울특별시,광진구,아파트,94.4633807,2011
256,서울특별시,동대문구,아파트,91.97656571,2011
257,서울특별시,중랑구,아파트,98.27036368,2011
258,서울특별시,성북구,아파트,94.18044333,2011
259,서울특별시,강북구,아파트,97.44387705,2011
260,서울특별시,도봉구,아파트,99.19996183,2011
261,서울특별시,노원구,아파트,91.62013351,2011
262,서울특별시,은평구,아파트,92.5534673,2011
263,서울특별시,서대문구,아파트,91.44622469,2011
264,서울특별시,마포구,아파트,89.57138515,2011
265,서울특별시,양천구,아파트,94.22416767,2011
266,서울특별시,강서구,아파트,92.19867313,2011
267,서울특별시,구로구,아파트,90.85124963,2011
268,서울특별시,금천구,아파트,90.59932969,2011
269,서울특별시,영등포구,아파트,92.87482467,2011
270,서울특별시,동작구,아파트,91.94832803,2011
271,서울특별시,관악구,아파트,91.25280149,2011
272,서울특별시,서초구,아파트,92.05899524,2011
273,서울특별시,강남구,아파트,91.08288482,2011
274,서울특별시,송파구,아파트,93.03521473,2011
275,서울특별시,강동구,아파트,91.34828803,2011
276,경기도,경기도,아파트,94.85697486,2011
277,경기도,과천시,아파트,96.34647504,2011
278,경기도,안양시,아파트,90.27058528,2011
279,경기도,성남시,아파트,96.25957317,2011
280,경기도,군포시,아파트,94.04679091,2011
281,경기도,의왕시,아파트,90.4617852,2011
282,경기도,안성시,아파트,82.19549035,2011
283,경기도,용인시,아파트,102.3212558,2011
284,경기도,수원시,아파트,92.52784053,2011
285,경기도,부천시,아파트,96.5530809,2011
286,경기도,안산시,아파트,88.63505572,2011
287,경기도,시흥시,아파트,91.8917014,2011
288,경기도,광명시,아파트,80.9656332,2011
289,경기도,화성시,아파트,97.26965329,2011
290,경기도,오산시,아파트,97.13038369,2011
291,경기도,평택시,아파트,90.91263242,2011
292,경기도,남양주시,아파트,99.24825986,2011
293,경기도,구리시,아파트,95.03507541,2011
294,경기도,하남시,아파트,93.30065147,2011
295,경기도,광주시,아파트,98.79578271,2011
296,경기도,이천시,아파트,87.13773343,2011
297,경기도,여주시,아파트,,2011
298,경기도,김포시,아파트,93.4568378,2011
299,경기도,고양시,아파트,92.76591066,2011
300,경기도,파주시,아파트,102.2895367,2011
301,경기도,포천시,아파트,,2011
302,경기도,동두천시,아파트,107.6791866,2011
303,경기도,양주시,아파트,102.9890025,2011
304,경기도,의정부시,아파트,100.9308915,2011
305,인천광역시,인천광역시,아파트,95.00194509,2011
306,부산광역시,부산광역시,아파트,92.29002906,2011
307,대구광역시,대구광역시,아파트,73.61595483,2011
308,광주광역시,광주광역시,아파트,85.94743966,2011
309,대전광역시,대전광역시,아파트,100.8831652,2011
310,울산광역시,울산광역시,아파트,89.73799378,2011
311,세종특별자치시,세종특별자치시,아파트,,2011
312,강원도,강원도,아파트,88.80321739,2011
313,충청북도,충청북도,아파트,92.78081164,2011
314,충청남도,충청남도,아파트,90.62081573,2011
315,전라북도,전라북도,아파트,102.0484472,2011
316,전라남도,전라남도,아파트,97.00743701,2011
317,경상북도,경상북도,아파트,83.32901618,2011
318,경상남도,경상남도,아파트,102.1121561,2011
319,제주특별자치도,제주특별자치도,아파트,72.64703971,2011
320,전국,전국,연립다세대,98.81666122,2011
321,서울특별시,서울특별시,연립다세대,99.93961985,2011
322,경기도,경기도,연립다세대,100.7928149,2011
323,인천광역시,인천광역시,연립다세대,106.0302371,2011
324,부산광역시,부산광역시,연립다세대,96.4228848,2011
325,대구광역시,대구광역시,연립다세대,86.39826791,2011
326,경기도,광주시,연립다세대,93.97776348,2011
327,대전광역시,대전광역시,연립다세대,96.97380452,2011
328,울산광역시,울산광역시,연립다세대,92.26460892,2011
329,세종특별자치시,세종특별자치시,연립다세대,,2011
330,강원도,강원도,연립다세대,91.34952512,2011
331,충청북도,충청북도,연립다세대,94.77953489,2011
332,충청남도,충청남도,연립다세대,93.89535291,2011
333,전라북도,전라북도,연립다세대,94.18591006,2011
334,전라남도,전라남도,연립다세대,90.42936464,2011
335,경상북도,경상북도,연립다세대,88.64060952,2011
336,경상남도,경상남도,연립다세대,100.3077473,2011
337,제주특별자치도,제주특별자치도,연립다세대,86.47602633,2011
338,전국,전국,단독주택,95.10732636,2011
339,서울특별시,서울특별시,단독주택,96.38453444,2011
340,경기도,경기도,단독주택,97.96553691,2011
341,인천광역시,인천광역시,단독주택,101.3316845,2011
342,부산광역시,부산광역시,단독주택,91.97517968,2011
343,대구광역시,대구광역시,단독주택,89.37751398,2011
344,광주광역시,광주광역시,단독주택,97.08174672,2011
345,대전광역시,대전광역시,단독주택,97.65681938,2011
346,울산광역시,울산광역시,단독주택,94.59732011,2011
347,세종특별자치시,세종특별자치시,단독주택,,2011
348,강원도,강원도,단독주택,95.47145435,2011
349,충청북도,충청북도,단독주택,94.52988135,2011
350,충청남도,충청남도,단독주택,94.82152034,2011
351,전라북도,전라북도,단독주택,98.30393975,2011
352,전라남도,전라남도,단독주택,97.00436643,2011
353,경상북도,경상북도,단독주택,93.19110991,2011
354,경상남도,경상남도,단독주택,92.46259074,2011
355,제주특별자치도,제주특별자치도,단독주택,86.30299131,2011
356,전국,전국,종합,92.764103,2012
357,서울특별시,서울특별시,종합,91.12115503,2012
358,서울특별시,종로구,종합,94.26519083,2012
359,서울특별시,중구,종합,92.296542,2012
360,서울특별시,용산구,종합,96.32687192,2012
361,서울특별시,성동구,종합,90.60448641,2012
362,서울특별시,광진구,종합,93.64138054,2012
363,서울특별시,동대문구,종합,92.0502315,2012
364,서울특별시,중랑구,종합,94.16872825,2012
365,서울특별시,성북구,종합,94.44158719,2012
366,서울특별시,강북구,종합,97.34142333,2012
367,서울특별시,도봉구,종합,94.77529638,2012
368,서울특별시,노원구,종합,87.16487527,2012
369,서울특별시,은평구,종합,94.18010976,2012
370,서울특별시,서대문구,종합,93.89412309,2012
371,서울특별시,마포구,종합,90.40478348,2012
372,서울특별시,양천구,종합,92.17458516,2012
373,서울특별시,강서구,종합,91.22705128,2012
374,서울특별시,구로구,종합,91.08594865,2012
375,서울특별시,금천구,종합,93.98538977,2012
376,서울특별시,영등포구,종합,90.28980905,2012
377,서울특별시,동작구,종합,89.03809012,2012
378,서울특별시,관악구,종합,91.87646358,2012
379,서울특별시,서초구,종합,89.13122372,2012
380,서울특별시,강남구,종합,83.77916363,2012
381,서울특별시,송파구,종합,89.95565198,2012
382,서울특별시,강동구,종합,87.02726309,2012
383,경기도,경기도,종합,92.73376266,2012
384,경기도,과천시,종합,88.50489998,2012
385,경기도,안양시,종합,91.55753805,2012
386,경기도,성남시,종합,91.3951288,2012
387,경기도,군포시,종합,89.34639883,2012
388,경기도,의왕시,종합,89.08101068,2012
389,경기도,안성시,종합,92.43775507,2012
390,경기도,용인시,종합,96.47935209,2012
391,경기도,수원시,종합,90.58511506,2012
392,경기도,부천시,종합,94.22023717,2012
393,경기도,안산시,종합,91.62451109,2012
394,경기도,시흥시,종합,90.98497435,2012
395,경기도,광명시,종합,82.54375735,2012
396,경기도,화성시,종합,92.96958732,2012
397,경기도,오산시,종합,96.85123011,2012
398,경기도,평택시,종합,95.03859211,2012
399,경기도,남양주시,종합,95.40996952,2012
400,경기도,구리시,종합,92.75449491,2012
401,경기도,하남시,종합,89.23765702,2012
402,경기도,광주시,종합,97.19698032,2012
403,경기도,이천시,종합,90.74371972,2012
404,경기도,여주시,종합,95.19706733,2012
405,경기도,김포시,종합,87.84856119,2012
406,경기도,고양시,종합,89.629715,2012
407,경기도,파주시,종합,95.80690904,2012
408,경기도,포천시,종합,99.63153095,2012
409,경기도,동두천시,종합,102.644704,2012
410,경기도,양주시,종합,97.9295857,2012
411,경기도,의정부시,종합,97.10125738,2012
412,인천광역시,인천광역시,종합,94.09102941,2012
413,부산광역시,부산광역시,종합,90.73258016,2012
414,대구광역시,대구광역시,종합,80.69091725,2012
415,광주광역시,광주광역시,종합,90.86336133,2012
416,대전광역시,대전광역시,종합,97.11330957,2012
417,울산광역시,울산광역시,종합,94.16446893,2012
418,세종특별자치시,세종특별자치시,종합,91.33336285,2012
419,강원도,강원도,종합,93.83734594,2012
420,충청북도,충청북도,종합,96.19832218,2012
421,충청남도,충청남도,종합,96.47865332,2012
422,전라북도,전라북도,종합,99.28230849,2012
423,전라남도,전라남도,종합,97.88757754,2012
424,경상북도,경상북도,종합,91.63636073,2012
425,경상남도,경상남도,종합,97.57609417,2012
426,제주특별자치도,제주특별자치도,종합,85.66389156,2012
427,전국,전국,아파트,90.52837081,2012
428,서울특별시,서울특별시,아파트,86.82946732,2012
429,서울특별시,종로구,아파트,92.6130999,2012
430,서울특별시,중구,아파트,90.99169537,2012
431,서울특별시,용산구,아파트,97.93102054,2012
432,서울특별시,성동구,아파트,85.64024163,2012
433,서울특별시,광진구,아파트,90.04588896,2012
434,서울특별시,동대문구,아파트,87.42457625,2012
435,서울특별시,중랑구,아파트,93.31741323,2012
436,서울특별시,성북구,아파트,92.38715308,2012
437,서울특별시,강북구,아파트,92.19126981,2012
438,서울특별시,도봉구,아파트,91.34161202,2012
439,서울특별시,노원구,아파트,85.77135886,2012
440,서울특별시,은평구,아파트,90.23658669,2012
441,서울특별시,서대문구,아파트,88.4541703,2012
442,서울특별시,마포구,아파트,87.65818758,2012
443,서울특별시,양천구,아파트,87.91426978,2012
444,서울특별시,강서구,아파트,84.47657095,2012
445,서울특별시,구로구,아파트,87.16500501,2012
446,서울특별시,금천구,아파트,87.94602639,2012
447,서울특별시,영등포구,아파트,87.42763581,2012
448,서울특별시,동작구,아파트,83.73740769,2012
449,서울특별시,관악구,아파트,85.39372285,2012
450,서울특별시,서초구,아파트,87.14510272,2012
451,서울특별시,강남구,아파트,80.07270538,2012
452,서울특별시,송파구,아파트,83.92233955,2012
453,서울특별시,강동구,아파트,82.653744,2012
454,경기도,경기도,아파트,89.86728863,2012
455,경기도,과천시,아파트,85.8112071,2012
456,경기도,안양시,아파트,85.62950422,2012
457,경기도,성남시,아파트,88.84988954,2012
458,경기도,군포시,아파트,87.48164491,2012
459,경기도,의왕시,아파트,87.04726359,2012
460,경기도,안성시,아파트,89.33806902,2012
461,경기도,용인시,아파트,95.89469462,2012
462,경기도,수원시,아파트,88.4221731,2012
463,경기도,부천시,아파트,90.70498878,2012
464,경기도,안산시,아파트,86.93216932,2012
465,경기도,시흥시,아파트,88.44015662,2012
466,경기도,광명시,아파트,76.92403305,2012
467,경기도,화성시,아파트,91.83219591,2012
468,경기도,오산시,아파트,97.04848304,2012
469,경기도,평택시,아파트,94.02564256,2012
470,경기도,남양주시,아파트,92.80009799,2012
471,경기도,구리시,아파트,90.06929836,2012
472,경기도,하남시,아파트,85.38843575,2012
473,경기도,광주시,아파트,95.65939022,2012
474,경기도,이천시,아파트,86.50245172,2012
475,경기도,여주시,아파트,92.46721693,2012
476,경기도,김포시,아파트,85.32385236,2012
477,경기도,고양시,아파트,86.51906691,2012
478,경기도,파주시,아파트,92.19255449,2012
479,경기도,포천시,아파트,92.81986574,2012
480,경기도,동두천시,아파트,99.89535115,2012
481,경기도,양주시,아파트,95.62889221,2012
482,경기도,의정부시,아파트,95.19070468,2012
483,인천광역시,인천광역시,아파트,89.81561997,2012
484,부산광역시,부산광역시,아파트,88.71499449,2012
485,대구광역시,대구광역시,아파트,78.3629028,2012
486,광주광역시,광주광역시,아파트,89.25514959,2012
487,대전광역시,대전광역시,아파트,97.1938972,2012
488,울산광역시,울산광역시,아파트,93.73435405,2012
489,세종특별자치시,세종특별자치시,아파트,91.71267039,2012
490,강원도,강원도,아파트,91.95832508,2012
491,충청북도,충청북도,아파트,96.16272805,2012
492,충청남도,충청남도,아파트,96.32251055,2012
493,전라북도,전라북도,아파트,100.6464187,2012
494,전라남도,전라남도,아파트,99.57496942,2012
495,경상북도,경상북도,아파트,89.77701382,2012
496,경상남도,경상남도,아파트,99.67763334,2012
497,제주특별자치도,제주특별자치도,아파트,79.40742145,2012
498,전국,전국,연립다세대,97.84355968,2012
499,서울특별시,서울특별시,연립다세대,97.90137262,2012
500,경기도,경기도,연립다세대,99.441524,2012
501,인천광역시,인천광역시,연립다세대,101.855543,2012
502,부산광역시,부산광역시,연립다세대,96.56789508,2012
503,대구광역시,대구광역시,연립다세대,89.02089438,2012
504,경기도,광주시,연립다세대,95.03624266,2012
505,대전광역시,대전광역시,연립다세대,96.63057482,2012
506,울산광역시,울산광역시,연립다세대,94.51868563,2012
507,세종특별자치시,세종특별자치시,연립다세대,88.82319031,2012
508,강원도,강원도,연립다세대,95.52351539,2012
509,충청북도,충청북도,연립다세대,96.00122611,2012
510,충청남도,충청남도,연립다세대,96.65866711,2012
511,전라북도,전라북도,연립다세대,97.76772555,2012
512,전라남도,전라남도,연립다세대,94.35867422,2012
513,경상북도,경상북도,연립다세대,91.82341768,2012
514,경상남도,경상남도,연립다세대,99.58301125,2012
515,제주특별자치도,제주특별자치도,연립다세대,89.6604127,2012
516,전국,전국,단독주택,95.22091488,2012
517,서울특별시,서울특별시,단독주택,94.17859111,2012
518,경기도,경기도,단독주택,97.35345438,2012
519,인천광역시,인천광역시,단독주택,99.66963689,2012
520,부산광역시,부산광역시,단독주택,92.56850514,2012
521,대구광역시,대구광역시,단독주택,89.80117988,2012
522,광주광역시,광주광역시,단독주택,96.69762012,2012
523,대전광역시,대전광역시,단독주택,96.81417438,2012
524,울산광역시,울산광역시,단독주택,95.11522177,2012
525,세종특별자치시,세종특별자치시,단독주택,90.17231707,2012
526,강원도,강원도,단독주택,96.281462,2012
527,충청북도,충청북도,단독주택,96.50427485,2012
528,충청남도,충청남도,단독주택,96.42473143,2012
529,전라북도,전라북도,단독주택,97.92909555,2012
530,전라남도,전라남도,단독주택,96.94846362,2012
531,경상북도,경상북도,단독주택,93.77210107,2012
532,경상남도,경상남도,단독주택,93.34249352,2012
533,제주특별자치도,제주특별자치도,단독주택,87.43932493,2012
534,전국,전국,종합,93.04713815,2013
535,서울특별시,서울특별시,종합,89.83671164,2013
536,서울특별시,종로구,종합,93.8949677,2013
537,서울특별시,중구,종합,91.86335002,2013
538,서울특별시,용산구,종합,93.41255394,2013
539,서울특별시,성동구,종합,88.95017161,2013
540,서울특별시,광진구,종합,90.11282653,2013
541,서울특별시,동대문구,종합,89.89405923,2013
542,서울특별시,중랑구,종합,94.31104388,2013
543,서울특별시,성북구,종합,92.74076679,2013
544,서울특별시,강북구,종합,95.33215223,2013
545,서울특별시,도봉구,종합,91.82286305,2013
546,서울특별시,노원구,종합,85.76560588,2013
547,서울특별시,은평구,종합,92.98948278,2013
548,서울특별시,서대문구,종합,92.32191522,2013
549,서울특별시,마포구,종합,90.2092411,2013
550,서울특별시,양천구,종합,89.53270167,2013
551,서울특별시,강서구,종합,89.90048782,2013
552,서울특별시,구로구,종합,89.88410567,2013
553,서울특별시,금천구,종합,92.43098094,2013
554,서울특별시,영등포구,종합,88.36655503,2013
555,서울특별시,동작구,종합,89.45743524,2013
556,서울특별시,관악구,종합,92.01447038,2013
557,서울특별시,서초구,종합,87.48746329,2013
558,서울특별시,강남구,종합,82.97781718,2013
559,서울특별시,송파구,종합,89.34228249,2013
560,서울특별시,강동구,종합,86.63970268,2013
561,경기도,경기도,종합,91.83131772,2013
562,경기도,과천시,종합,89.46506801,2013
563,경기도,안양시,종합,89.47948683,2013
564,경기도,성남시,종합,90.53598989,2013
565,경기도,군포시,종합,91.40612912,2013
566,경기도,의왕시,종합,88.55484472,2013
567,경기도,안성시,종합,94.78762175,2013
568,경기도,용인시,종합,95.43647391,2013
569,경기도,수원시,종합,90.07421332,2013
570,경기도,부천시,종합,92.6251211,2013
571,경기도,안산시,종합,91.78057793,2013
572,경기도,시흥시,종합,90.48932201,2013
573,경기도,광명시,종합,82.88144707,2013
574,경기도,화성시,종합,93.86583988,2013
575,경기도,오산시,종합,95.29356464,2013
576,경기도,평택시,종합,95.16222871,2013
577,경기도,남양주시,종합,93.54140523,2013
578,경기도,구리시,종합,90.86957626,2013
579,경기도,하남시,종합,88.94719022,2013
580,경기도,광주시,종합,95.80144303,2013
581,경기도,이천시,종합,92.61815958,2013
582,경기도,여주시,종합,96.158531,2013
583,경기도,김포시,종합,87.30342972,2013
584,경기도,고양시,종합,88.03849721,2013
585,경기도,파주시,종합,92.85058236,2013
586,경기도,포천시,종합,97.3140368,2013
587,경기도,동두천시,종합,97.49251423,2013
588,경기도,양주시,종합,95.32415428,2013
589,경기도,의정부시,종합,93.40273827,2013
590,인천광역시,인천광역시,종합,93.29470412,2013
591,부산광역시,부산광역시,종합,90.51651418,2013
592,대구광역시,대구광역시,종합,87.83513619,2013
593,광주광역시,광주광역시,종합,91.63843208,2013
594,대전광역시,대전광역시,종합,97.37254417,2013
595,울산광역시,울산광역시,종합,94.37513635,2013
596,세종특별자치시,세종특별자치시,종합,95.46119298,2013
597,강원도,강원도,종합,93.97324217,2013
598,충청북도,충청북도,종합,97.55738971,2013
599,충청남도,충청남도,종합,99.01402598,2013
600,전라북도,전라북도,종합,98.22880416,2013
601,전라남도,전라남도,종합,96.74614114,2013
602,경상북도,경상북도,종합,96.37730528,2013
603,경상남도,경상남도,종합,98.29593341,2013
604,제주특별자치도,제주특별자치도,종합,85.8925086,2013
605,전국,전국,아파트,91.21131435,2013
606,서울특별시,서울특별시,아파트,85.72009057,2013
607,서울특별시,종로구,아파트,91.98735742,2013
608,서울특별시,중구,아파트,89.99645831,2013
609,서울특별시,용산구,아파트,93.1001423,2013
610,서울특별시,성동구,아파트,85.09667478,2013
611,서울특별시,광진구,아파트,86.15635384,2013
612,서울특별시,동대문구,아파트,85.36267925,2013
613,서울특별시,중랑구,아파트,92.32121581,2013
614,서울특별시,성북구,아파트,89.63362474,2013
615,서울특별시,강북구,아파트,90.27767563,2013
616,서울특별시,도봉구,아파트,88.60083363,2013
617,서울특별시,노원구,아파트,84.49866269,2013
618,서울특별시,은평구,아파트,88.63392512,2013
619,서울특별시,서대문구,아파트,88.6228367,2013
620,서울특별시,마포구,아파트,87.1336524,2013
621,서울특별시,양천구,아파트,85.6599993,2013
622,서울특별시,강서구,아파트,83.64012865,2013
623,서울특별시,구로구,아파트,86.21957879,2013
624,서울특별시,금천구,아파트,86.9860724,2013
625,서울특별시,영등포구,아파트,84.9338137,2013
626,서울특별시,동작구,아파트,84.88816317,2013
627,서울특별시,관악구,아파트,86.63600635,2013
628,서울특별시,서초구,아파트,84.74887704,2013
629,서울특별시,강남구,아파트,79.21295072,2013
630,서울특별시,송파구,아파트,85.95527377,2013
631,서울특별시,강동구,아파트,82.34394947,2013
632,경기도,경기도,아파트,89.22468582,2013
633,경기도,과천시,아파트,87.42174485,2013
634,경기도,안양시,아파트,84.82661828,2013
635,경기도,성남시,아파트,87.78015751,2013
636,경기도,군포시,아파트,88.90969533,2013
637,경기도,의왕시,아파트,86.7892168,2013
638,경기도,안성시,아파트,93.55031866,2013
639,경기도,용인시,아파트,94.74789886,2013
640,경기도,수원시,아파트,88.44459177,2013
641,경기도,부천시,아파트,90.16837769,2013
642,경기도,안산시,아파트,87.20143604,2013
643,경기도,시흥시,아파트,88.11842037,2013
644,경기도,광명시,아파트,77.85669803,2013
645,경기도,화성시,아파트,92.88843333,2013
646,경기도,오산시,아파트,95.50077887,2013
647,경기도,평택시,아파트,93.91723093,2013
648,경기도,남양주시,아파트,91.4124803,2013
649,경기도,구리시,아파트,88.54989997,2013
650,경기도,하남시,아파트,85.68087269,2013
651,경기도,광주시,아파트,93.76910567,2013
652,경기도,이천시,아파트,89.32235651,2013
653,경기도,여주시,아파트,94.60427463,2013
654,경기도,김포시,아파트,84.58746416,2013
655,경기도,고양시,아파트,85.23735452,2013
656,경기도,파주시,아파트,90.02470289,2013
657,경기도,포천시,아파트,93.35648797,2013
658,경기도,동두천시,아파트,95.17844733,2013
659,경기도,양주시,아파트,92.61481226,2013
660,경기도,의정부시,아파트,91.07218995,2013
661,인천광역시,인천광역시,아파트,89.68318215,2013
662,부산광역시,부산광역시,아파트,88.17493666,2013
663,대구광역시,대구광역시,아파트,87.42350382,2013
664,광주광역시,광주광역시,아파트,90.28441071,2013
665,대전광역시,대전광역시,아파트,97.73011867,2013
666,울산광역시,울산광역시,아파트,93.9476891,2013
667,세종특별자치시,세종특별자치시,아파트,98.01053427,2013
668,강원도,강원도,아파트,92.1373314,2013
669,충청북도,충청북도,아파트,97.53677076,2013
670,충청남도,충청남도,아파트,100.6882709,2013
671,전라북도,전라북도,아파트,99.02954971,2013
672,전라남도,전라남도,아파트,97.42616789,2013
673,경상북도,경상북도,아파트,98.42296804,2013
674,경상남도,경상남도,아파트,100.0248118,2013
675,제주특별자치도,제주특별자치도,아파트,78.94603376,2013
676,전국,전국,연립다세대,96.83482756,2013
677,서울특별시,서울특별시,연립다세대,95.69099195,2013
678,경기도,경기도,연립다세대,97.79326349,2013
679,인천광역시,인천광역시,연립다세대,99.11973759,2013
680,부산광역시,부산광역시,연립다세대,96.69613669,2013
681,대구광역시,대구광역시,연립다세대,93.04894707,2013
682,경기도,광주시,연립다세대,96.25880194,2013
683,대전광역시,대전광역시,연립다세대,97.37249031,2013
684,울산광역시,울산광역시,연립다세대,95.87993927,2013
685,세종특별자치시,세종특별자치시,연립다세대,97.79244779,2013
686,강원도,강원도,연립다세대,95.66891723,2013
687,충청북도,충청북도,연립다세대,97.67239119,2013
688,충청남도,충청남도,연립다세대,98.19511493,2013
689,전라북도,전라북도,연립다세대,98.91559484,2013
690,전라남도,전라남도,연립다세대,96.12383058,2013
691,경상북도,경상북도,연립다세대,95.6538971,2013
692,경상남도,경상남도,연립다세대,100.9614071,2013
693,제주특별자치도,제주특별자치도,연립다세대,90.18529969,2013
694,전국,전국,단독주택,95.44814431,2013
695,서울특별시,서울특별시,단독주택,94.50993954,2013
696,경기도,경기도,단독주택,96.97759412,2013
697,인천광역시,인천광역시,단독주택,98.16366289,2013
698,부산광역시,부산광역시,단독주택,92.8566976,2013
699,대구광역시,대구광역시,단독주택,90.11293762,2013
700,광주광역시,광주광역시,단독주택,96.40079087,2013
701,대전광역시,대전광역시,단독주택,95.47736678,2013
702,울산광역시,울산광역시,단독주택,95.50152609,2013
703,세종특별자치시,세종특별자치시,단독주택,91.9822683,2013
704,강원도,강원도,단독주택,96.28371861,2013
705,충청북도,충청북도,단독주택,97.80910128,2013
706,충청남도,충청남도,단독주택,97.14845367,2013
707,전라북도,전라북도,단독주택,97.30874235,2013
708,전라남도,전라남도,단독주택,96.49829008,2013
709,경상북도,경상북도,단독주택,94.51725171,2013
710,경상남도,경상남도,단독주택,94.71284056,2013
711,제주특별자치도,제주특별자치도,단독주택,87.87725173,2013
712,전국,전국,종합,94.63725032,2014
713,서울특별시,서울특별시,종합,90.85175325,2014
714,서울특별시,종로구,종합,94.1196773,2014
715,서울특별시,중구,종합,92.95312918,2014
716,서울특별시,용산구,종합,92.87917667,2014
717,서울특별시,성동구,종합,89.9729763,2014
718,서울특별시,광진구,종합,91.53030471,2014
719,서울특별시,동대문구,종합,90.84451525,2014
720,서울특별시,중랑구,종합,94.89190577,2014
721,서울특별시,성북구,종합,93.38149749,2014
722,서울특별시,강북구,종합,95.33976365,2014
723,서울특별시,도봉구,종합,92.93807047,2014
724,서울특별시,노원구,종합,88.07001682,2014
725,서울특별시,은평구,종합,93.78283233,2014
726,서울특별시,서대문구,종합,93.09221606,2014
727,서울특별시,마포구,종합,91.75155293,2014
728,서울특별시,양천구,종합,90.40705574,2014
729,서울특별시,강서구,종합,89.32370473,2014
730,서울특별시,구로구,종합,89.92990526,2014
731,서울특별시,금천구,종합,92.8281263,2014
732,서울특별시,영등포구,종합,89.69183006,2014
733,서울특별시,동작구,종합,91.26071338,2014
734,서울특별시,관악구,종합,92.2556863,2014
735,서울특별시,서초구,종합,89.02594448,2014
736,서울특별시,강남구,종합,85.23271679,2014
737,서울특별시,송파구,종합,90.41289393,2014
738,서울특별시,강동구,종합,88.25203534,2014
739,경기도,경기도,종합,93.42741398,2014
740,경기도,과천시,종합,92.70499178,2014
741,경기도,안양시,종합,91.20150303,2014
742,경기도,성남시,종합,92.31728439,2014
743,경기도,군포시,종합,90.58211926,2014
744,경기도,의왕시,종합,92.1023976,2014
745,경기도,안성시,종합,96.92947509,2014
746,경기도,용인시,종합,96.52331348,2014
747,경기도,수원시,종합,93.38864938,2014
748,경기도,부천시,종합,94.12353006,2014
749,경기도,안산시,종합,93.60368079,2014
750,경기도,시흥시,종합,91.96152083,2014
751,경기도,광명시,종합,86.78191966,2014
752,경기도,화성시,종합,95.75799445,2014
753,경기도,오산시,종합,97.09310268,2014
754,경기도,평택시,종합,96.66696061,2014
755,경기도,남양주시,종합,94.1705512,2014
756,경기도,구리시,종합,92.34775411,2014
757,경기도,하남시,종합,90.42495174,2014
758,경기도,광주시,종합,95.52109211,2014
759,경기도,이천시,종합,94.3422181,2014
760,경기도,여주시,종합,96.79524963,2014
761,경기도,김포시,종합,89.19951483,2014
762,경기도,고양시,종합,90.35225064,2014
763,경기도,파주시,종합,93.71352691,2014
764,경기도,포천시,종합,96.9436656,2014
765,경기도,동두천시,종합,97.52353003,2014
766,경기도,양주시,종합,94.81049047,2014
767,경기도,의정부시,종합,93.42039469,2014
768,인천광역시,인천광역시,종합,94.65907631,2014
769,부산광역시,부산광역시,종합,91.54683434,2014
770,대구광역시,대구광역시,종합,93.34759895,2014
771,광주광역시,광주광역시,종합,92.96292741,2014
772,대전광역시,대전광역시,종합,97.99767287,2014
773,울산광역시,울산광역시,종합,97.30652846,2014
774,세종특별자치시,세종특별자치시,종합,95.2770942,2014
775,강원도,강원도,종합,94.28798123,2014
776,충청북도,충청북도,종합,99.86558316,2014
777,충청남도,충청남도,종합,101.2442166,2014
778,전라북도,전라북도,종합,97.74606316,2014
779,전라남도,전라남도,종합,95.98744387,2014
780,경상북도,경상북도,종합,99.81415942,2014
781,경상남도,경상남도,종합,100.3983146,2014
782,제주특별자치도,제주특별자치도,종합,87.12816478,2014
783,전국,전국,아파트,93.68109134,2014
784,서울특별시,서울특별시,아파트,87.4254606,2014
785,서울특별시,종로구,아파트,92.20097959,2014
786,서울특별시,중구,아파트,91.1853102,2014
787,서울특별시,용산구,아파트,91.77187932,2014
788,서울특별시,성동구,아파트,87.27182927,2014
789,서울특별시,광진구,아파트,87.62108625,2014
790,서울특별시,동대문구,아파트,87.16364307,2014
791,서울특별시,중랑구,아파트,92.66622012,2014
792,서울특별시,성북구,아파트,90.56806713,2014
793,서울특별시,강북구,아파트,91.28508028,2014
794,서울특별시,도봉구,아파트,90.29764517,2014
795,서울특별시,노원구,아파트,87.16519551,2014
796,서울특별시,은평구,아파트,90.01255391,2014
797,서울특별시,서대문구,아파트,90.38562194,2014
798,서울특별시,마포구,아파트,89.98571441,2014
799,서울특별시,양천구,아파트,87.44269645,2014
800,서울특별시,강서구,아파트,84.22189156,2014
801,서울특별시,구로구,아파트,86.89107506,2014
802,서울특별시,금천구,아파트,88.48138857,2014
803,서울특별시,영등포구,아파트,87.01068625,2014
804,서울특별시,동작구,아파트,87.41945535,2014
805,서울특별시,관악구,아파트,87.2828645,2014
806,서울특별시,서초구,아파트,86.56916738,2014
807,서울특별시,강남구,아파트,81.99239732,2014
808,서울특별시,송파구,아파트,87.50842862,2014
809,서울특별시,강동구,아파트,84.50963802,2014
810,경기도,경기도,아파트,91.62689905,2014
811,경기도,과천시,아파트,91.21025913,2014
812,경기도,안양시,아파트,88.43392555,2014
813,경기도,성남시,아파트,90.24256524,2014
814,경기도,군포시,아파트,89.62756798,2014
815,경기도,의왕시,아파트,91.28601866,2014
816,경기도,안성시,아파트,97.06774937,2014
817,경기도,용인시,아파트,96.11606317,2014
818,경기도,수원시,아파트,92.16856389,2014
819,경기도,부천시,아파트,92.50935502,2014
820,경기도,안산시,아파트,91.11579928,2014
821,경기도,시흥시,아파트,90.35087288,2014
822,경기도,광명시,아파트,83.07863129,2014
823,경기도,화성시,아파트,95.3583334,2014
824,경기도,오산시,아파트,97.20935097,2014
825,경기도,평택시,아파트,96.24669543,2014
826,경기도,남양주시,아파트,92.47552613,2014
827,경기도,구리시,아파트,90.9151017,2014
828,경기도,하남시,아파트,88.40924212,2014
829,경기도,광주시,아파트,92.9423578,2014
830,경기도,이천시,아파트,92.72236553,2014
831,경기도,여주시,아파트,95.58459886,2014
832,경기도,김포시,아파트,86.99861507,2014
833,경기도,고양시,아파트,88.34090087,2014
834,경기도,파주시,아파트,91.15866153,2014
835,경기도,포천시,아파트,94.14227976,2014
836,경기도,동두천시,아파트,95.52826434,2014
837,경기도,양주시,아파트,92.05672673,2014
838,경기도,의정부시,아파트,91.57296642,2014
839,인천광역시,인천광역시,아파트,92.50201173,2014
840,부산광역시,부산광역시,아파트,89.66209214,2014
841,대구광역시,대구광역시,아파트,94.31737521,2014
842,광주광역시,광주광역시,아파트,92.25739307,2014
843,대전광역시,대전광역시,아파트,98.2621181,2014
844,울산광역시,울산광역시,아파트,97.40572885,2014
845,세종특별자치시,세종특별자치시,아파트,96.28398357,2014
846,강원도,강원도,아파트,92.56045918,2014
847,충청북도,충청북도,아파트,101.2284714,2014
848,충청남도,충청남도,아파트,105.1010503,2014
849,전라북도,전라북도,아파트,98.27016008,2014
850,전라남도,전라남도,아파트,95.65362017,2014
851,경상북도,경상북도,아파트,104.8988059,2014
852,경상남도,경상남도,아파트,102.7103657,2014
853,제주특별자치도,제주특별자치도,아파트,81.50362098,2014
854,전국,전국,연립다세대,96.89779617,2014
855,서울특별시,서울특별시,연립다세대,95.3903259,2014
856,경기도,경기도,연립다세대,97.30596906,2014
857,인천광역시,인천광역시,연립다세대,97.85033555,2014
858,부산광역시,부산광역시,연립다세대,96.77248959,2014
859,대구광역시,대구광역시,연립다세대,96.56444508,2014
860,경기도,광주시,연립다세대,97.0354141,2014
861,대전광역시,대전광역시,연립다세대,99.41360645,2014
862,울산광역시,울산광역시,연립다세대,98.50813886,2014
863,세종특별자치시,세종특별자치시,연립다세대,97.9075546,2014
864,강원도,강원도,연립다세대,96.22161189,2014
865,충청북도,충청북도,연립다세대,99.75837312,2014
866,충청남도,충청남도,연립다세대,99.36488254,2014
867,전라북도,전라북도,연립다세대,99.03961713,2014
868,전라남도,전라남도,연립다세대,97.43914956,2014
869,경상북도,경상북도,연립다세대,99.63934773,2014
870,경상남도,경상남도,연립다세대,101.7499884,2014
871,제주특별자치도,제주특별자치도,연립다세대,91.33497858,2014
872,전국,전국,단독주택,95.71291639,2014
873,서울특별시,서울특별시,단독주택,95.05179622,2014
874,경기도,경기도,단독주택,97.09980188,2014
875,인천광역시,인천광역시,단독주택,97.79832894,2014
876,부산광역시,부산광역시,단독주택,93.20322742,2014
877,대구광역시,대구광역시,단독주택,90.96458495,2014
878,광주광역시,광주광역시,단독주택,95.10883074,2014
879,대전광역시,대전광역시,단독주택,96.33104287,2014
880,울산광역시,울산광역시,단독주택,96.92493557,2014
881,세종특별자치시,세종특별자치시,단독주택,93.06069733,2014
882,강원도,강원도,단독주택,96.28674273,2014
883,충청북도,충청북도,단독주택,97.6929169,2014
884,충청남도,충청남도,단독주택,97.0952735,2014
885,전라북도,전라북도,단독주택,96.97902755,2014
886,전라남도,전라남도,단독주택,96.35231408,2014
887,경상북도,경상북도,단독주택,94.82398998,2014
888,경상남도,경상남도,단독주택,96.01100863,2014
889,제주특별자치도,제주특별자치도,단독주택,88.37156041,2014
890,전국,전국,종합,97.95946572,2015
891,서울특별시,서울특별시,종합,95.02976511,2015
892,서울특별시,종로구,종합,96.13464112,2015
893,서울특별시,중구,종합,95.66067245,2015
894,서울특별시,용산구,종합,94.71002844,2015
895,서울특별시,성동구,종합,95.1129211,2015
896,서울특별시,광진구,종합,96.16082942,2015
897,서울특별시,동대문구,종합,96.25728439,2015
898,서울특별시,중랑구,종합,97.37734736,2015
899,서울특별시,성북구,종합,96.32856356,2015
900,서울특별시,강북구,종합,97.67683399,2015
901,서울특별시,도봉구,종합,96.67111878,2015
902,서울특별시,노원구,종합,94.59382633,2015
903,서울특별시,은평구,종합,96.13794687,2015
904,서울특별시,서대문구,종합,95.64483815,2015
905,서울특별시,마포구,종합,94.39625015,2015
906,서울특별시,양천구,종합,94.38686826,2015
907,서울특별시,강서구,종합,93.72340834,2015
908,서울특별시,구로구,종합,95.38659695,2015
909,서울특별시,금천구,종합,95.83307243,2015
910,서울특별시,영등포구,종합,93.89512674,2015
911,서울특별시,동작구,종합,94.44668053,2015
912,서울특별시,관악구,종합,95.17628255,2015
913,서울특별시,서초구,종합,94.51972032,2015
914,서울특별시,강남구,종합,91.90894078,2015
915,서울특별시,송파구,종합,94.44288151,2015
916,서울특별시,강동구,종합,94.64807611,2015
917,경기도,경기도,종합,97.60259906,2015
918,경기도,과천시,종합,96.40985479,2015
919,경기도,안양시,종합,97.0169422,2015
920,경기도,성남시,종합,95.02804857,2015
921,경기도,군포시,종합,97.95454913,2015
922,경기도,의왕시,종합,97.27579895,2015
923,경기도,안성시,종합,100.0908602,2015
924,경기도,용인시,종합,99.65145073,2015
925,경기도,수원시,종합,98.14217224,2015
926,경기도,부천시,종합,97.17764248,2015
927,경기도,안산시,종합,99.15493475,2015
928,경기도,시흥시,종합,97.8420789,2015
929,경기도,광명시,종합,94.68715443,2015
930,경기도,화성시,종합,98.16447418,2015
931,경기도,오산시,종합,99.40240409,2015
932,경기도,평택시,종합,98.98347851,2015
933,경기도,남양주시,종합,97.66162671,2015
934,경기도,구리시,종합,97.21513759,2015
935,경기도,하남시,종합,98.37432161,2015
936,경기도,광주시,종합,98.41040203,2015
937,경기도,이천시,종합,97.99012818,2015
938,경기도,여주시,종합,97.95788153,2015
939,경기도,김포시,종합,96.88778848,2015
940,경기도,고양시,종합,96.26244808,2015
941,경기도,파주시,종합,97.41538943,2015
942,경기도,포천시,종합,98.01778212,2015
943,경기도,동두천시,종합,97.83880806,2015
944,경기도,양주시,종합,96.97735379,2015
945,경기도,의정부시,종합,96.59362756,2015
946,인천광역시,인천광역시,종합,97.84958307,2015
947,부산광역시,부산광역시,종합,94.68632988,2015
948,대구광역시,대구광역시,종합,100.7792848,2015
949,광주광역시,광주광역시,종합,98.38328445,2015
950,대전광역시,대전광역시,종합,98.34022415,2015
951,울산광역시,울산광역시,종합,100.4501539,2015
952,세종특별자치시,세종특별자치시,종합,95.18941373,2015
953,강원도,강원도,종합,96.37438271,2015
954,충청북도,충청북도,종합,100.9895242,2015
955,충청남도,충청남도,종합,102.0215876,2015
956,전라북도,전라북도,종합,98.08529115,2015
957,전라남도,전라남도,종합,96.87352243,2015
958,경상북도,경상북도,종합,102.4561574,2015
959,경상남도,경상남도,종합,102.0490131,2015
960,제주특별자치도,제주특별자치도,종합,94.1701756,2015
961,전국,전국,아파트,98.26265501,2015
962,서울특별시,서울특별시,아파트,93.28969386,2015
963,서울특별시,종로구,아파트,94.44066204,2015
964,서울특별시,중구,아파트,95.13387798,2015
965,서울특별시,용산구,아파트,93.77839892,2015
966,서울특별시,성동구,아파트,94.59849107,2015
967,서울특별시,광진구,아파트,94.02464687,2015
968,서울특별시,동대문구,아파트,95.18845672,2015
969,서울특별시,중랑구,아파트,97.00019765,2015
970,서울특별시,성북구,아파트,95.24633448,2015
971,서울특별시,강북구,아파트,96.67219392,2015
972,서울특별시,도봉구,아파트,95.34497532,2015
973,서울특별시,노원구,아파트,93.92431817,2015
974,서울특별시,은평구,아파트,94.02480209,2015
975,서울특별시,서대문구,아파트,94.04752542,2015
976,서울특별시,마포구,아파트,93.33130516,2015
977,서울특별시,양천구,아파트,92.98007297,2015
978,서울특별시,강서구,아파트,90.97255349,2015
979,서울특별시,구로구,아파트,93.6637229,2015
980,서울특별시,금천구,아파트,93.68893297,2015
981,서울특별시,영등포구,아파트,92.56550317,2015
982,서울특별시,동작구,아파트,92.53580882,2015
983,서울특별시,관악구,아파트,92.11710504,2015
984,서울특별시,서초구,아파트,93.21890305,2015
985,서울특별시,강남구,아파트,89.98136812,2015
986,서울특별시,송파구,아파트,92.14521773,2015
987,서울특별시,강동구,아파트,92.59747485,2015
988,경기도,경기도,아파트,97.23303986,2015
989,경기도,과천시,아파트,95.80956334,2015
990,경기도,안양시,아파트,95.92850633,2015
991,경기도,성남시,아파트,93.73882524,2015
992,경기도,군포시,아파트,97.82970339,2015
993,경기도,의왕시,아파트,97.65217555,2015
994,경기도,안성시,아파트,101.3028284,2015
995,경기도,용인시,아파트,99.72112395,2015
996,경기도,수원시,아파트,98.08731426,2015
997,경기도,부천시,아파트,96.90437855,2015
998,경기도,안산시,아파트,100.2244151,2015
999,경기도,시흥시,아파트,97.63638812,2015
1000,경기도,광명시,아파트,93.92262001,2015
1001,경기도,화성시,아파트,98.12757371,2015
1002,경기도,오산시,아파트,99.68235109,2015
1003,경기도,평택시,아파트,99.59324556,2015
1004,경기도,남양주시,아파트,97.09830102,2015
1005,경기도,구리시,아파트,96.84780564,2015
1006,경기도,하남시,아파트,98.0502493,2015
1007,경기도,광주시,아파트,97.27784496,2015
1008,경기도,이천시,아파트,98.25961433,2015
1009,경기도,여주시,아파트,97.64861124,2015
1010,경기도,김포시,아파트,96.40621165,2015
1011,경기도,고양시,아파트,95.43319718,2015
1012,경기도,파주시,아파트,96.51887503,2015
1013,경기도,포천시,아파트,97.53580733,2015
1014,경기도,동두천시,아파트,96.3153352,2015
1015,경기도,양주시,아파트,95.86417597,2015
1016,경기도,의정부시,아파트,96.31080632,2015
1017,인천광역시,인천광역시,아파트,97.2033463,2015
1018,부산광역시,부산광역시,아파트,93.95969418,2015
1019,대구광역시,대구광역시,아파트,102.8086074,2015
1020,광주광역시,광주광역시,아파트,99.01305342,2015
1021,대전광역시,대전광역시,아파트,98.4889009,2015
1022,울산광역시,울산광역시,아파트,101.4636992,2015
1023,세종특별자치시,세종특별자치시,아파트,95.326992,2015
1024,강원도,강원도,아파트,95.68199007,2015
1025,충청북도,충청북도,아파트,103.4058664,2015
1026,충청남도,충청남도,아파트,105.8221339,2015
1027,전라북도,전라북도,아파트,98.80864742,2015
1028,전라남도,전라남도,아파트,96.41806614,2015
1029,경상북도,경상북도,아파트,108.692845,2015
1030,경상남도,경상남도,아파트,104.8835622,2015
1031,제주특별자치도,제주특별자치도,아파트,92.72773382,2015
1032,전국,전국,연립다세대,98.61381212,2015
1033,서울특별시,서울특별시,연립다세대,97.47359297,2015
1034,경기도,경기도,연립다세대,98.76322355,2015
1035,인천광역시,인천광역시,연립다세대,99.11240536,2015
1036,부산광역시,부산광역시,연립다세대,97.85422104,2015
1037,대구광역시,대구광역시,연립다세대,100.2577568,2015
1038,경기도,광주시,연립다세대,98.64947076,2015
1039,대전광역시,대전광역시,연립다세대,99.62890046,2015
1040,울산광역시,울산광역시,연립다세대,99.99023771,2015
1041,세종특별자치시,세종특별자치시,연립다세대,99.15883243,2015
1042,강원도,강원도,연립다세대,97.95215219,2015
1043,충청북도,충청북도,연립다세대,100.5744013,2015
1044,충청남도,충청남도,연립다세대,100.8221228,2015
1045,전라북도,전라북도,연립다세대,99.16408933,2015
1046,전라남도,전라남도,연립다세대,99.46307116,2015
1047,경상북도,경상북도,연립다세대,101.8111908,2015
1048,경상남도,경상남도,연립다세대,102.4836947,2015
1049,제주특별자치도,제주특별자치도,연립다세대,97.01502914,2015
1050,전국,전국,단독주택,96.85756505,2015
1051,서울특별시,서울특별시,단독주택,96.42741985,2015
1052,경기도,경기도,단독주택,97.84371852,2015
1053,인천광역시,인천광역시,단독주택,98.16670985,2015
1054,부산광역시,부산광역시,단독주택,94.29079363,2015
1055,대구광역시,대구광역시,단독주택,95.8023024,2015
1056,광주광역시,광주광역시,단독주택,96.18750623,2015
1057,대전광역시,대전광역시,단독주택,97.18450599,2015
1058,울산광역시,울산광역시,단독주택,97.86987022,2015
1059,세종특별자치시,세종특별자치시,단독주택,94.27084185,2015
1060,강원도,강원도,단독주택,97.10449381,2015
1061,충청북도,충청북도,단독주택,97.13508959,2015
1062,충청남도,충청남도,단독주택,97.77958912,2015
1063,전라북도,전라북도,단독주택,97.0433675,2015
1064,전라남도,전라남도,단독주택,97.19909656,2015
1065,경상북도,경상북도,단독주택,96.76476742,2015
1066,경상남도,경상남도,단독주택,96.93130039,2015
1067,제주특별자치도,제주특별자치도,단독주택,93.58823868,2015
1068,전국,전국,종합,98.65584989,2016
1069,서울특별시,서울특별시,종합,97.06394648,2016
1070,서울특별시,종로구,종합,97.5473517,2016
1071,서울특별시,중구,종합,97.06768904,2016
1072,서울특별시,용산구,종합,96.68840932,2016
1073,서울특별시,성동구,종합,96.66377309,2016
1074,서울특별시,광진구,종합,97.36939237,2016
1075,서울특별시,동대문구,종합,97.72878661,2016
1076,서울특별시,중랑구,종합,98.40536742,2016
1077,서울특별시,성북구,종합,97.96655538,2016
1078,서울특별시,강북구,종합,98.83416602,2016
1079,서울특별시,도봉구,종합,98.13804929,2016
1080,서울특별시,노원구,종합,97.06022723,2016
1081,서울특별시,은평구,종합,97.76505915,2016
1082,서울특별시,서대문구,종합,97.58745992,2016
1083,서울특별시,마포구,종합,96.55233265,2016
1084,서울특별시,양천구,종합,96.77327105,2016
1085,서울특별시,강서구,종합,96.53584668,2016
1086,서울특별시,구로구,종합,97.33948771,2016
1087,서울특별시,금천구,종합,97.2607949,2016
1088,서울특별시,영등포구,종합,96.12921443,2016
1089,서울특별시,동작구,종합,96.49155863,2016
1090,서울특별시,관악구,종합,97.30394281,2016
1091,서울특별시,서초구,종합,97.23593958,2016
1092,서울특별시,강남구,종합,96.04639156,2016
1093,서울특별시,송파구,종합,95.7440256,2016
1094,서울특별시,강동구,종합,96.66771081,2016
1095,경기도,경기도,종합,98.42151896,2016
1096,경기도,과천시,종합,98.69017587,2016
1097,경기도,안양시,종합,97.67861492,2016
1098,경기도,성남시,종합,95.73795576,2016
1099,경기도,군포시,종합,98.7912804,2016
1100,경기도,의왕시,종합,97.94382398,2016
1101,경기도,안성시,종합,100.0828333,2016
1102,경기도,용인시,종합,99.97213434,2016
1103,경기도,수원시,종합,98.64415684,2016
1104,경기도,부천시,종합,98.13282091,2016
1105,경기도,안산시,종합,99.33820205,2016
1106,경기도,시흥시,종합,98.13687183,2016
1107,경기도,광명시,종합,96.64897866,2016
1108,경기도,화성시,종합,98.86406364,2016
1109,경기도,오산시,종합,99.78876343,2016
1110,경기도,평택시,종합,99.42819199,2016
1111,경기도,남양주시,종합,98.78428207,2016
1112,경기도,구리시,종합,98.41702277,2016
1113,경기도,하남시,종합,98.27732844,2016
1114,경기도,광주시,종합,99.20383018,2016
1115,경기도,이천시,종합,99.50141778,2016
1116,경기도,여주시,종합,99.06076007,2016
1117,경기도,김포시,종합,97.67366146,2016
1118,경기도,고양시,종합,97.91806348,2016
1119,경기도,파주시,종합,98.22563782,2016
1120,경기도,포천시,종합,98.46523612,2016
1121,경기도,동두천시,종합,98.47081348,2016
1122,경기도,양주시,종합,98.57021624,2016
1123,경기도,의정부시,종합,98.22213453,2016
1124,인천광역시,인천광역시,종합,98.62108531,2016
1125,부산광역시,부산광역시,종합,97.70029944,2016
1126,대구광역시,대구광역시,종합,98.92793974,2016
1127,광주광역시,광주광역시,종합,98.72780367,2016
1128,대전광역시,대전광역시,종합,98.61311078,2016
1129,울산광역시,울산광역시,종합,100.8917758,2016
1130,세종특별자치시,세종특별자치시,종합,95.93883039,2016
1131,강원도,강원도,종합,97.65400763,2016
1132,충청북도,충청북도,종합,100.2794949,2016
1133,충청남도,충청남도,종합,100.4835727,2016
1134,전라북도,전라북도,종합,98.17599118,2016
1135,전라남도,전라남도,종합,97.88762146,2016
1136,경상북도,경상북도,종합,100.7527035,2016
1137,경상남도,경상남도,종합,101.4569351,2016
1138,제주특별자치도,제주특별자치도,종합,98.53438433,2016
1139,전국,전국,아파트,99.01216536,2016
1140,서울특별시,서울특별시,아파트,96.31763467,2016
1141,서울특별시,종로구,아파트,96.54838416,2016
1142,서울특별시,중구,아파트,96.82962223,2016
1143,서울특별시,용산구,아파트,96.38907378,2016
1144,서울특별시,성동구,아파트,96.56408975,2016
1145,서울특별시,광진구,아파트,96.09740839,2016
1146,서울특별시,동대문구,아파트,97.47010893,2016
1147,서울특별시,중랑구,아파트,98.34914607,2016
1148,서울특별시,성북구,아파트,98.03294583,2016
1149,서울특별시,강북구,아파트,98.37176981,2016
1150,서울특별시,도봉구,아파트,97.41143341,2016
1151,서울특별시,노원구,아파트,96.65764397,2016
1152,서울특별시,은평구,아파트,96.75132449,2016
1153,서울특별시,서대문구,아파트,97.22470205,2016
1154,서울특별시,마포구,아파트,96.26231054,2016
1155,서울특별시,양천구,아파트,96.72701518,2016
1156,서울특별시,강서구,아파트,95.32245974,2016
1157,서울특별시,구로구,아파트,96.35851364,2016
1158,서울특별시,금천구,아파트,96.41818026,2016
1159,서울특별시,영등포구,아파트,95.46491842,2016
1160,서울특별시,동작구,아파트,95.71941518,2016
1161,서울특별시,관악구,아파트,95.89963947,2016
1162,서울특별시,서초구,아파트,96.83650953,2016
1163,서울특별시,강남구,아파트,95.41958123,2016
1164,서울특별시,송파구,아파트,94.12708859,2016
1165,서울특별시,강동구,아파트,95.69896715,2016
1166,경기도,경기도,아파트,98.32845987,2016
1167,경기도,과천시,아파트,98.61507968,2016
1168,경기도,안양시,아파트,97.21202159,2016
1169,경기도,성남시,아파트,94.60808622,2016
1170,경기도,군포시,아파트,98.81728252,2016
1171,경기도,의왕시,아파트,98.18324235,2016
1172,경기도,안성시,아파트,101.0045674,2016
1173,경기도,용인시,아파트,100.0549839,2016
1174,경기도,수원시,아파트,98.6885732,2016
1175,경기도,부천시,아파트,98.23452903,2016
1176,경기도,안산시,아파트,99.97377558,2016
1177,경기도,시흥시,아파트,98.07781352,2016
1178,경기도,광명시,아파트,96.58074716,2016
1179,경기도,화성시,아파트,98.78776204,2016
1180,경기도,오산시,아파트,99.93695795,2016
1181,경기도,평택시,아파트,100.1750068,2016
1182,경기도,남양주시,아파트,98.56450304,2016
1183,경기도,구리시,아파트,98.14670746,2016
1184,경기도,하남시,아파트,98.02909211,2016
1185,경기도,광주시,아파트,98.50179979,2016
1186,경기도,이천시,아파트,100.0973845,2016
1187,경기도,여주시,아파트,99.48811794,2016
1188,경기도,김포시,아파트,97.40331331,2016
1189,경기도,고양시,아파트,97.58105227,2016
1190,경기도,파주시,아파트,97.90173895,2016
1191,경기도,포천시,아파트,98.68831589,2016
1192,경기도,동두천시,아파트,97.9905568,2016
1193,경기도,양주시,아파트,98.63344819,2016
1194,경기도,의정부시,아파트,98.57279942,2016
1195,인천광역시,인천광역시,아파트,98.52305573,2016
1196,부산광역시,부산광역시,아파트,97.88353981,2016
1197,대구광역시,대구광역시,아파트,99.60035928,2016
1198,광주광역시,광주광역시,아파트,99.2547256,2016
1199,대전광역시,대전광역시,아파트,98.57126669,2016
1200,울산광역시,울산광역시,아파트,102.0141646,2016
1201,세종특별자치시,세종특별자치시,아파트,95.83475228,2016
1202,강원도,강원도,아파트,97.62859026,2016
1203,충청북도,충청북도,아파트,101.8889529,2016
1204,충청남도,충청남도,아파트,102.5087865,2016
1205,전라북도,전라북도,아파트,98.63668876,2016
1206,전라남도,전라남도,아파트,97.96947913,2016
1207,경상북도,경상북도,아파트,103.9532958,2016
1208,경상남도,경상남도,아파트,103.5702114,2016
1209,제주특별자치도,제주특별자치도,아파트,99.43204744,2016
1210,전국,전국,연립다세대,99.022577,2016
1211,서울특별시,서울특별시,연립다세대,98.22906521,2016
1212,경기도,경기도,연립다세대,98.95643039,2016
1213,인천광역시,인천광역시,연립다세대,99.07395556,2016
1214,부산광역시,부산광역시,연립다세대,98.97780376,2016
1215,대구광역시,대구광역시,연립다세대,99.76428782,2016
1216,경기도,광주시,연립다세대,98.92982201,2016
1217,대전광역시,대전광역시,연립다세대,99.63848999,2016
1218,울산광역시,울산광역시,연립다세대,100.7029166,2016
1219,세종특별자치시,세종특별자치시,연립다세대,99.31441193,2016
1220,강원도,강원도,연립다세대,98.59041943,2016
1221,충청북도,충청북도,연립다세대,100.8239753,2016
1222,충청남도,충청남도,연립다세대,100.3232166,2016
1223,전라북도,전라북도,연립다세대,99.08942933,2016
1224,전라남도,전라남도,연립다세대,99.69399152,2016
1225,경상북도,경상북도,연립다세대,101.2819548,2016
1226,경상남도,경상남도,연립다세대,101.767333,2016
1227,제주특별자치도,제주특별자치도,연립다세대,100.2845062,2016
1228,전국,전국,단독주택,97.59523059,2016
1229,서울특별시,서울특별시,단독주택,97.31702189,2016
1230,경기도,경기도,단독주택,98.24478971,2016
1231,인천광역시,인천광역시,단독주택,98.21225398,2016
1232,부산광역시,부산광역시,단독주택,96.24467516,2016
1233,대구광역시,대구광역시,단독주택,96.88211396,2016
1234,광주광역시,광주광역시,단독주택,96.9056737,2016
1235,대전광역시,대전광역시,단독주택,98.2534431,2016
1236,울산광역시,울산광역시,단독주택,97.85490409,2016
1237,세종특별자치시,세종특별자치시,단독주택,95.78002143,2016
1238,강원도,강원도,단독주택,97.52838727,2016
1239,충청북도,충청북도,단독주택,97.58919255,2016
1240,충청남도,충청남도,단독주택,98.04473645,2016
1241,전라북도,전라북도,단독주택,97.53883704,2016
1242,전라남도,전라남도,단독주택,97.71743106,2016
1243,경상북도,경상북도,단독주택,97.62000534,2016
1244,경상남도,경상남도,단독주택,97.67617868,2016
1245,제주특별자치도,제주특별자치도,단독주택,97.06140591,2016
1246,전국,전국,종합,100.1135134,2017
1247,서울특별시,서울특별시,종합,100.5927151,2017
1248,서울특별시,종로구,종합,100.3514228,2017
1249,서울특별시,중구,종합,100.4341586,2017
1250,서울특별시,용산구,종합,100.3534592,2017
1251,서울특별시,성동구,종합,101.291147,2017
1252,서울특별시,광진구,종합,100.8730328,2017
1253,서울특별시,동대문구,종합,100.2160469,2017
1254,서울특별시,중랑구,종합,100.2273074,2017
1255,서울특별시,성북구,종합,100.3854291,2017
1256,서울특별시,강북구,종합,100.2914052,2017
1257,서울특별시,도봉구,종합,100.1817344,2017
1258,서울특별시,노원구,종합,100.1552117,2017
1259,서울특별시,은평구,종합,100.1804354,2017
1260,서울특별시,서대문구,종합,100.285745,2017
1261,서울특별시,마포구,종합,100.3550051,2017
1262,서울특별시,양천구,종합,101.3356507,2017
1263,서울특별시,강서구,종합,100.2348149,2017
1264,서울특별시,구로구,종합,100.2554451,2017
1265,서울특별시,금천구,종합,100.1282238,2017
1266,서울특별시,영등포구,종합,100.7721569,2017
1267,서울특별시,동작구,종합,100.4056049,2017
1268,서울특별시,관악구,종합,100.1199141,2017
1269,서울특별시,서초구,종합,101.0847939,2017
1270,서울특별시,강남구,종합,101.3560792,2017
1271,서울특별시,송파구,종합,101.5006678,2017
1272,서울특별시,강동구,종합,100.9297152,2017
1273,경기도,경기도,종합,100.0614905,2017
1274,경기도,과천시,종합,100.2516914,2017
1275,경기도,안양시,종합,100.3673645,2017
1276,경기도,성남시,종합,100.3477452,2017
1277,경기도,군포시,종합,100.0557092,2017
1278,경기도,의왕시,종합,100.413756,2017
1279,경기도,안성시,종합,100.2808997,2017
1280,경기도,용인시,종합,99.96529172,2017
1281,경기도,수원시,종합,100.0479971,2017
1282,경기도,부천시,종합,100.07107,2017
1283,경기도,안산시,종합,100.043895,2017
1284,경기도,시흥시,종합,100.1102652,2017
1285,경기도,광명시,종합,100.1288799,2017
1286,경기도,화성시,종합,99.86945014,2017
1287,경기도,오산시,종합,99.94343622,2017
1288,경기도,평택시,종합,99.78406572,2017
1289,경기도,남양주시,종합,100.0713077,2017
1290,경기도,구리시,종합,100.1591659,2017
1291,경기도,하남시,종합,100.0895501,2017
1292,경기도,광주시,종합,99.95759263,2017
1293,경기도,이천시,종합,100.0612699,2017
1294,경기도,여주시,종합,100.00841,2017
1295,경기도,김포시,종합,100.2266464,2017
1296,경기도,고양시,종합,99.90986956,2017
1297,경기도,파주시,종합,99.94348423,2017
1298,경기도,포천시,종합,100.0404005,2017
1299,경기도,동두천시,종합,100.0615584,2017
1300,경기도,양주시,종합,100.0,2017
1301,경기도,의정부시,종합,100.0600421,2017
1302,인천광역시,인천광역시,종합,100.0169469,2017
1303,부산광역시,부산광역시,종합,99.9970719,2017
1304,대구광역시,대구광역시,종합,100.2055397,2017
1305,광주광역시,광주광역시,종합,100.0510182,2017
1306,대전광역시,대전광역시,종합,100.1009553,2017
1307,울산광역시,울산광역시,종합,99.8034831,2017
1308,세종특별자치시,세종특별자치시,종합,100.0570309,2017
1309,강원도,강원도,종합,99.99919162,2017
1310,충청북도,충청북도,종합,99.92087657,2017
1311,충청남도,충청남도,종합,99.9467189,2017
1312,전라북도,전라북도,종합,100.12367,2017
1313,전라남도,전라남도,종합,100.0752451,2017
1314,경상북도,경상북도,종합,99.84541116,2017
1315,경상남도,경상남도,종합,99.81474272,2017
1316,제주특별자치도,제주특별자치도,종합,100.1722273,2017
1317,전국,전국,아파트,100.0838413,2017
1318,서울특별시,서울특별시,아파트,100.8368275,2017
1319,서울특별시,종로구,아파트,100.2235168,2017
1320,서울특별시,중구,아파트,100.6496598,2017
1321,서울특별시,용산구,아파트,100.2149853,2017
1322,서울특별시,성동구,아파트,101.5930663,2017
1323,서울특별시,광진구,아파트,101.5682969,2017
1324,서울특별시,동대문구,아파트,100.1620343,2017
1325,서울특별시,중랑구,아파트,100.1184192,2017
1326,서울특별시,성북구,아파트,100.2765779,2017
1327,서울특별시,강북구,아파트,100.3998105,2017
1328,서울특별시,도봉구,아파트,100.1429567,2017
1329,서울특별시,노원구,아파트,100.1496901,2017
1330,서울특별시,은평구,아파트,100.1735694,2017
1331,서울특별시,서대문구,아파트,100.3225914,2017
1332,서울특별시,마포구,아파트,100.3494544,2017
1333,서울특별시,양천구,아파트,102.032422,2017
1334,서울특별시,강서구,아파트,100.3745248,2017
1335,서울특별시,구로구,아파트,100.3404653,2017
1336,서울특별시,금천구,아파트,100.0627232,2017
1337,서울특별시,영등포구,아파트,101.0254388,2017
1338,서울특별시,동작구,아파트,100.5845345,2017
1339,서울특별시,관악구,아파트,100.1683061,2017
1340,서울특별시,서초구,아파트,101.464868,2017
1341,서울특별시,강남구,아파트,101.6981133,2017
1342,서울특별시,송파구,아파트,102.3358668,2017
1343,서울특별시,강동구,아파트,101.2044424,2017
1344,경기도,경기도,아파트,100.0150638,2017
1345,경기도,과천시,아파트,100.3323129,2017
1346,경기도,안양시,아파트,100.3771013,2017
1347,경기도,성남시,아파트,100.4357342,2017
1348,경기도,군포시,아파트,100.0556031,2017
1349,경기도,의왕시,아파트,100.5104295,2017
1350,경기도,안성시,아파트,99.76052498,2017
1351,경기도,용인시,아파트,99.93586029,2017
1352,경기도,수원시,아파트,99.98638952,2017
1353,경기도,부천시,아파트,100.0386656,2017
1354,경기도,안산시,아파트,99.91072443,2017
1355,경기도,시흥시,아파트,100.0562914,2017
1356,경기도,광명시,아파트,100.1372562,2017
1357,경기도,화성시,아파트,99.84021228,2017
1358,경기도,오산시,아파트,99.89289389,2017
1359,경기도,평택시,아파트,99.53008574,2017
1360,경기도,남양주시,아파트,100.0100352,2017
1361,경기도,구리시,아파트,100.1202879,2017
1362,경기도,하남시,아파트,100.1088098,2017
1363,경기도,광주시,아파트,99.82154114,2017
1364,경기도,이천시,아파트,99.98144209,2017
1365,경기도,여주시,아파트,100.0251418,2017
1366,경기도,김포시,아파트,100.2699397,2017
1367,경기도,고양시,아파트,99.82561863,2017
1368,경기도,파주시,아파트,99.86102892,2017
1369,경기도,포천시,아파트,99.94124278,2017
1370,경기도,동두천시,아파트,100.0817734,2017
1371,경기도,양주시,아파트,100.0,2017
1372,경기도,의정부시,아파트,100.0488474,2017
1373,인천광역시,인천광역시,아파트,99.98626344,2017
1374,부산광역시,부산광역시,아파트,99.87187533,2017
1375,대구광역시,대구광역시,아파트,100.1663191,2017
1376,광주광역시,광주광역시,아파트,100.0652295,2017
1377,대전광역시,대전광역시,아파트,100.1088846,2017
1378,울산광역시,울산광역시,아파트,99.65351743,2017
1379,세종특별자치시,세종특별자치시,아파트,99.92982878,2017
1380,강원도,강원도,아파트,99.9392428,2017
1381,충청북도,충청북도,아파트,99.81389552,2017
1382,충청남도,충청남도,아파트,99.80964965,2017
1383,전라북도,전라북도,아파트,100.088274,2017
1384,전라남도,전라남도,아파트,100.1324135,2017
1385,경상북도,경상북도,아파트,99.61096458,2017
1386,경상남도,경상남도,아파트,99.62899985,2017
1387,제주특별자치도,제주특별자치도,아파트,99.84101453,2017
1388,전국,전국,연립다세대,100.0805932,2017
1389,서울특별시,서울특별시,연립다세대,100.2355581,2017
1390,경기도,경기도,연립다세대,100.0700011,2017
1391,인천광역시,인천광역시,연립다세대,100.033571,2017
1392,부산광역시,부산광역시,연립다세대,99.97384064,2017
1393,대구광역시,대구광역시,연립다세대,100.0476549,2017
1394,경기도,광주시,연립다세대,99.93471804,2017
1395,대전광역시,대전광역시,연립다세대,100.0306482,2017
1396,울산광역시,울산광역시,연립다세대,99.63311455,2017
1397,세종특별자치시,세종특별자치시,연립다세대,100.0048464,2017
1398,강원도,강원도,연립다세대,99.93479945,2017
1399,충청북도,충청북도,연립다세대,100.082312,2017
1400,충청남도,충청남도,연립다세대,99.92725351,2017
1401,전라북도,전라북도,연립다세대,100.0344588,2017
1402,전라남도,전라남도,연립다세대,100.0977051,2017
1403,경상북도,경상북도,연립다세대,99.86750974,2017
1404,경상남도,경상남도,연립다세대,99.66021192,2017
1405,제주특별자치도,제주특별자치도,연립다세대,99.9348267,2017
1406,전국,전국,단독주택,100.1973263,2017
1407,서울특별시,서울특별시,단독주택,100.4245803,2017
1408,경기도,경기도,단독주택,100.2242833,2017
1409,인천광역시,인천광역시,단독주택,100.16688,2017
1410,부산광역시,부산광역시,단독주택,100.3694646,2017
1411,대구광역시,대구광역시,단독주택,100.3941134,2017
1412,광주광역시,광주광역시,단독주택,100.0213107,2017
1413,대전광역시,대전광역시,단독주택,100.1214142,2017
1414,울산광역시,울산광역시,단독주택,100.392633,2017
1415,세종특별자치시,세종특별자치시,단독주택,100.5049252,2017
1416,강원도,강원도,단독주택,100.0980603,2017
1417,충청북도,충청북도,단독주택,100.0544092,2017
1418,충청남도,충청남도,단독주택,100.1515098,2017
1419,전라북도,전라북도,단독주택,100.1791581,2017
1420,전라남도,전라남도,단독주택,100.048295,2017
1421,경상북도,경상북도,단독주택,100.0991571,2017
1422,경상남도,경상남도,단독주택,100.1839986,2017
1423,제주특별자치도,제주특별자치도,단독주택,100.5140378,2017
1424,전국,전국,종합,101.2160857,2018
1425,서울특별시,서울특별시,종합,106.8481445,2018
1426,서울특별시,종로구,종합,106.2220559,2018
1427,서울특별시,중구,종합,108.394114,2018
1428,서울특별시,용산구,종합,109.7611836,2018
1429,서울특별시,성동구,종합,109.3187405,2018
1430,서울특별시,광진구,종합,105.6168344,2018
1431,서울특별시,동대문구,종합,106.2230887,2018
1432,서울특별시,중랑구,종합,104.390369,2018
1433,서울특별시,성북구,종합,107.4562011,2018
1434,서울특별시,강북구,종합,104.9900491,2018
1435,서울특별시,도봉구,종합,104.3151311,2018
1436,서울특별시,노원구,종합,104.0446896,2018
1437,서울특별시,은평구,종합,105.1723201,2018
1438,서울특별시,서대문구,종합,106.2440805,2018
1439,서울특별시,마포구,종합,110.2558603,2018
1440,서울특별시,양천구,종합,107.2931366,2018
1441,서울특별시,강서구,종합,106.3507767,2018
1442,서울특별시,구로구,종합,105.2387042,2018
1443,서울특별시,금천구,종합,103.510971,2018
1444,서울특별시,영등포구,종합,108.5681514,2018
1445,서울특별시,동작구,종합,108.0863394,2018
1446,서울특별시,관악구,종합,103.804507,2018
1447,서울특별시,서초구,종합,108.2621358,2018
1448,서울특별시,강남구,종합,109.265775,2018
1449,서울특별시,송파구,종합,108.6601015,2018
1450,서울특별시,강동구,종합,109.9298927,2018
1451,경기도,경기도,종합,101.9263223,2018
1452,경기도,과천시,종합,111.4419565,2018
1453,경기도,안양시,종합,104.7691904,2018
1454,경기도,성남시,종합,108.7707643,2018
1455,경기도,군포시,종합,100.6100132,2018
1456,경기도,의왕시,종합,104.36733,2018
1457,경기도,안성시,종합,96.30586735,2018
1458,경기도,용인시,종합,105.0927462,2018
1459,경기도,수원시,종합,102.246491,2018
1460,경기도,부천시,종합,103.5414272,2018
1461,경기도,안산시,종합,96.68427745,2018
1462,경기도,시흥시,종합,99.31529868,2018
1463,경기도,광명시,종합,110.1088048,2018
1464,경기도,화성시,종합,101.6562783,2018
1465,경기도,오산시,종합,96.01565137,2018
1466,경기도,평택시,종합,95.81362698,2018
1467,경기도,남양주시,종합,99.97082243,2018
1468,경기도,구리시,종합,108.1532636,2018
1469,경기도,하남시,종합,108.0429467,2018
1470,경기도,광주시,종합,99.6173428,2018
1471,경기도,이천시,종합,100.2929453,2018
1472,경기도,여주시,종합,101.4057544,2018
1473,경기도,김포시,종합,101.8684362,2018
1474,경기도,고양시,종합,100.4623558,2018
1475,경기도,파주시,종합,99.54448698,2018
1476,경기도,포천시,종합,99.15674043,2018
1477,경기도,동두천시,종합,99.38018972,2018
1478,경기도,양주시,종합,99.96632054,2018
1479,경기도,의정부시,종합,100.8165346,2018
1480,인천광역시,인천광역시,종합,100.7003273,2018
1481,부산광역시,부산광역시,종합,98.50504286,2018
1482,대구광역시,대구광역시,종합,103.8554098,2018
1483,광주광역시,광주광역시,종합,103.9353412,2018
1484,대전광역시,대전광역시,종합,102.6267699,2018
1485,울산광역시,울산광역시,종합,92.94306192,2018
1486,세종특별자치시,세종특별자치시,종합,102.2326783,2018
1487,강원도,강원도,종합,98.43004502,2018
1488,충청북도,충청북도,종합,97.44257918,2018
1489,충청남도,충청남도,종합,98.12097037,2018
1490,전라북도,전라북도,종합,100.1131337,2018
1491,전라남도,전라남도,종합,102.9483458,2018
1492,경상북도,경상북도,종합,97.95679698,2018
1493,경상남도,경상남도,종합,95.02322131,2018
1494,제주특별자치도,제주특별자치도,종합,101.1390634,2018
1495,전국,전국,아파트,100.1752676,2018
1496,서울특별시,서울특별시,아파트,108.9385044,2018
1497,서울특별시,종로구,아파트,108.5225667,2018
1498,서울특별시,중구,아파트,111.0700437,2018
1499,서울특별시,용산구,아파트,111.2765671,2018
1500,서울특별시,성동구,아파트,110.5601403,2018
1501,서울특별시,광진구,아파트,109.0443956,2018
1502,서울특별시,동대문구,아파트,107.1461548,2018
1503,서울특별시,중랑구,아파트,104.4988988,2018
1504,서울특별시,성북구,아파트,109.1844499,2018
1505,서울특별시,강북구,아파트,108.6441672,2018
1506,서울특별시,도봉구,아파트,105.2725994,2018
1507,서울특별시,노원구,아파트,104.2332955,2018
1508,서울특별시,은평구,아파트,106.807769,2018
1509,서울특별시,서대문구,아파트,107.7000431,2018
1510,서울특별시,마포구,아파트,111.4225812,2018
1511,서울특별시,양천구,아파트,110.9353994,2018
1512,서울특별시,강서구,아파트,109.7982675,2018
1513,서울특별시,구로구,아파트,106.7994179,2018
1514,서울특별시,금천구,아파트,104.1050853,2018
1515,서울특별시,영등포구,아파트,109.8943138,2018
1516,서울특별시,동작구,아파트,110.775684,2018
1517,서울특별시,관악구,아파트,105.4869115,2018
1518,서울특별시,서초구,아파트,110.0278589,2018
1519,서울특별시,강남구,아파트,111.2925332,2018
1520,서울특별시,송파구,아파트,112.9832614,2018
1521,서울특별시,강동구,아파트,113.5244876,2018
1522,경기도,경기도,아파트,101.6999173,2018
1523,경기도,과천시,아파트,113.8198048,2018
1524,경기도,안양시,아파트,105.2112015,2018
1525,경기도,성남시,아파트,111.2216226,2018
1526,경기도,군포시,아파트,100.6357906,2018
1527,경기도,의왕시,아파트,104.0359699,2018
1528,경기도,안성시,아파트,91.51820893,2018
1529,경기도,용인시,아파트,106.4227543,2018
1530,경기도,수원시,아파트,102.4718625,2018
1531,경기도,부천시,아파트,104.5154256,2018
1532,경기도,안산시,아파트,92.05159838,2018
1533,경기도,시흥시,아파트,98.60318793,2018
1534,경기도,광명시,아파트,111.2108432,2018
1535,경기도,화성시,아파트,101.2307857,2018
1536,경기도,오산시,아파트,94.32363544,2018
1537,경기도,평택시,아파트,91.95831304,2018
1538,경기도,남양주시,아파트,99.71810375,2018
1539,경기도,구리시,아파트,109.4030954,2018
1540,경기도,하남시,아파트,109.0695835,2018
1541,경기도,광주시,아파트,97.98460152,2018
1542,경기도,이천시,아파트,98.29032424,2018
1543,경기도,여주시,아파트,97.60813973,2018
1544,경기도,김포시,아파트,101.2280641,2018
1545,경기도,고양시,아파트,99.70595956,2018
1546,경기도,파주시,아파트,97.35377728,2018
1547,경기도,포천시,아파트,96.16635015,2018
1548,경기도,동두천시,아파트,98.73508976,2018
1549,경기도,양주시,아파트,99.18338744,2018
1550,경기도,의정부시,아파트,100.2594884,2018
1551,인천광역시,인천광역시,아파트,99.85772571,2018
1552,부산광역시,부산광역시,아파트,96.30242224,2018
1553,대구광역시,대구광역시,아파트,103.3250955,2018
1554,광주광역시,광주광역시,아파트,103.5556134,2018
1555,대전광역시,대전광역시,아파트,102.5734799,2018
1556,울산광역시,울산광역시,아파트,89.75935849,2018
1557,세종특별자치시,세종특별자치시,아파트,100.9572504,2018
1558,강원도,강원도,아파트,95.0943433,2018
1559,충청북도,충청북도,아파트,93.75642041,2018
1560,충청남도,충청남도,아파트,95.19285862,2018
1561,전라북도,전라북도,아파트,98.19481132,2018
1562,전라남도,전라남도,아파트,101.8799968,2018
1563,경상북도,경상북도,아파트,93.72707029,2018
1564,경상남도,경상남도,아파트,90.9844211,2018
1565,제주특별자치도,제주특별자치도,아파트,96.9216522,2018
1566,전국,전국,연립다세대,100.7343237,2018
1567,서울특별시,서울특별시,연립다세대,103.1645024,2018
1568,경기도,경기도,연립다세대,100.7702586,2018
1569,인천광역시,인천광역시,연립다세대,101.0647954,2018
1570,부산광역시,부산광역시,연립다세대,98.23715767,2018
1571,대구광역시,대구광역시,연립다세대,101.4982517,2018
1572,경기도,광주시,연립다세대,101.5433935,2018
1573,대전광역시,대전광역시,연립다세대,100.8287101,2018
1574,울산광역시,울산광역시,연립다세대,95.19704547,2018
1575,세종특별자치시,세종특별자치시,연립다세대,100.1428083,2018
1576,강원도,강원도,연립다세대,97.57603757,2018
1577,충청북도,충청북도,연립다세대,97.15570369,2018
1578,충청남도,충청남도,연립다세대,96.63283097,2018
1579,전라북도,전라북도,연립다세대,99.33053009,2018
1580,전라남도,전라남도,연립다세대,100.5619408,2018
1581,경상북도,경상북도,연립다세대,97.16673907,2018
1582,경상남도,경상남도,연립다세대,92.63925449,2018
1583,제주특별자치도,제주특별자치도,연립다세대,97.98547427,2018
1584,전국,전국,단독주택,103.9338225,2018
1585,서울특별시,서울특별시,단독주택,107.0378925,2018
1586,경기도,경기도,단독주택,104.3159572,2018
1587,인천광역시,인천광역시,단독주택,103.7361551,2018
1588,부산광역시,부산광역시,단독주택,105.561416,2018
1589,대구광역시,대구광역시,단독주택,106.4023787,2018
1590,광주광역시,광주광역시,단독주택,105.8553847,2018
1591,대전광역시,대전광역시,단독주택,103.8520375,2018
1592,울산광역시,울산광역시,단독주택,102.8850662,2018
1593,세종특별자치시,세종특별자치시,단독주택,107.0848696,2018
1594,강원도,강원도,단독주택,103.8265887,2018
1595,충청북도,충청북도,단독주택,103.0439471,2018
1596,충청남도,충청남도,단독주택,102.2003312,2018
1597,전라북도,전라북도,단독주택,102.8322108,2018
1598,전라남도,전라남도,단독주택,103.9814478,2018
1599,경상북도,경상북도,단독주택,103.0665563,2018
1600,경상남도,경상남도,단독주택,102.0064242,2018
1601,제주특별자치도,제주특별자치도,단독주택,105.57131,2018
1602,전국,전국,종합,100.8553107,2019
1603,서울특별시,서울특별시,종합,108.1832884,2019
1604,서울특별시,종로구,종합,107.4745859,2019
1605,서울특별시,중구,종합,109.8006203,2019
1606,서울특별시,용산구,종합,111.5995932,2019
1607,서울특별시,성동구,종합,110.5703271,2019
1608,서울특별시,광진구,종합,107.4702172,2019
1609,서울특별시,동대문구,종합,107.3616131,2019
1610,서울특별시,중랑구,종합,105.3761888,2019
1611,서울특별시,성북구,종합,108.705314,2019
1612,서울특별시,강북구,종합,106.2722838,2019
1613,서울특별시,도봉구,종합,104.9623904,2019
1614,서울특별시,노원구,종합,104.5604951,2019
1615,서울특별시,은평구,종합,106.0223732,2019
1616,서울특별시,서대문구,종합,107.5097594,2019
1617,서울특별시,마포구,종합,112.2226803,2019
1618,서울특별시,양천구,종합,108.7102676,2019
1619,서울특별시,강서구,종합,106.9575976,2019
1620,서울특별시,구로구,종합,106.471146,2019
1621,서울특별시,금천구,종합,104.9688776,2019
1622,서울특별시,영등포구,종합,110.7037078,2019
1623,서울특별시,동작구,종합,109.8630085,2019
1624,서울특별시,관악구,종합,104.7615808,2019
1625,서울특별시,서초구,종합,109.7716342,2019
1626,서울특별시,강남구,종합,111.405941,2019
1627,서울특별시,송파구,종합,111.174569,2019
1628,서울특별시,강동구,종합,110.2396286,2019
1629,경기도,경기도,종합,101.7759264,2019
1630,경기도,과천시,종합,119.8004941,2019
1631,경기도,안양시,종합,105.6431432,2019
1632,경기도,성남시,종합,110.3974299,2019
1633,경기도,군포시,종합,98.65153577,2019
1634,경기도,의왕시,종합,104.6610163,2019
1635,경기도,안성시,종합,94.12956486,2019
1636,경기도,용인시,종합,105.429928,2019
1637,경기도,수원시,종합,103.8239096,2019
1638,경기도,부천시,종합,105.1240458,2019
1639,경기도,안산시,종합,96.16698599,2019
1640,경기도,시흥시,종합,97.19675696,2019
1641,경기도,광명시,종합,113.9141771,2019
1642,경기도,화성시,종합,100.8471634,2019
1643,경기도,오산시,종합,93.27905782,2019
1644,경기도,평택시,종합,91.26777923,2019
1645,경기도,남양주시,종합,100.4041937,2019
1646,경기도,구리시,종합,112.1137369,2019
1647,경기도,하남시,종합,109.7832976,2019
1648,경기도,광주시,종합,99.48034341,2019
1649,경기도,이천시,종합,98.70029347,2019
1650,경기도,여주시,종합,100.3516826,2019
1651,경기도,김포시,종합,101.1665749,2019
1652,경기도,고양시,종합,98.59934271,2019
1653,경기도,파주시,종합,97.87730581,2019
1654,경기도,포천시,종합,98.57396795,2019
1655,경기도,동두천시,종합,98.24991587,2019
1656,경기도,양주시,종합,97.67402619,2019
1657,경기도,의정부시,종합,101.0780264,2019
1658,인천광역시,인천광역시,종합,101.2713294,2019
1659,부산광역시,부산광역시,종합,97.2116099,2019
1660,대구광역시,대구광역시,종합,105.1112524,2019
1661,광주광역시,광주광역시,종합,104.5194021,2019
1662,대전광역시,대전광역시,종합,109.6238376,2019
1663,울산광역시,울산광역시,종합,90.20499405,2019
1664,세종특별자치시,세종특별자치시,종합,101.2733911,2019
1665,강원도,강원도,종합,95.5486178,2019
1666,충청북도,충청북도,종합,94.37336026,2019
1667,충청남도,충청남도,종합,96.55181264,2019
1668,전라북도,전라북도,종합,98.69952307,2019
1669,전라남도,전라남도,종합,104.8639776,2019
1670,경상북도,경상북도,종합,95.66927779,2019
1671,경상남도,경상남도,종합,91.7273448,2019
1672,제주특별자치도,제주특별자치도,종합,98.29734557,2019
1673,전국,전국,아파트,98.74813035,2019
1674,서울특별시,서울특별시,아파트,110.1464469,2019
1675,서울특별시,종로구,아파트,109.8313563,2019
1676,서울특별시,중구,아파트,112.1458471,2019
1677,서울특별시,용산구,아파트,111.8869994,2019
1678,서울특별시,성동구,아파트,111.0394019,2019
1679,서울특별시,광진구,아파트,110.5154093,2019
1680,서울특별시,동대문구,아파트,107.3404598,2019
1681,서울특별시,중랑구,아파트,104.7980387,2019
1682,서울특별시,성북구,아파트,109.9317728,2019
1683,서울특별시,강북구,아파트,109.8541379,2019
1684,서울특별시,도봉구,아파트,105.5731946,2019
1685,서울특별시,노원구,아파트,104.519028,2019
1686,서울특별시,은평구,아파트,107.5880035,2019
1687,서울특별시,서대문구,아파트,108.6330106,2019
1688,서울특별시,마포구,아파트,113.1005399,2019
1689,서울특별시,양천구,아파트,112.8073634,2019
1690,서울특별시,강서구,아파트,110.3688346,2019
1691,서울특별시,구로구,아파트,108.0252795,2019
1692,서울특별시,금천구,아파트,105.6704145,2019
1693,서울특별시,영등포구,아파트,111.6351575,2019
1694,서울특별시,동작구,아파트,112.0906608,2019
1695,서울특별시,관악구,아파트,105.979103,2019
1696,서울특별시,서초구,아파트,111.8015019,2019
1697,서울특별시,강남구,아파트,113.7896817,2019
1698,서울특별시,송파구,아파트,116.4815425,2019
1699,서울특별시,강동구,아파트,113.5642183,2019
1700,경기도,경기도,아파트,100.9264733,2019
1701,경기도,과천시,아파트,124.2001813,2019
1702,경기도,안양시,아파트,105.7502983,2019
1703,경기도,성남시,아파트,112.3172093,2019
1704,경기도,군포시,아파트,98.25738177,2019
1705,경기도,의왕시,아파트,104.0620307,2019
1706,경기도,안성시,아파트,86.63670509,2019
1707,경기도,용인시,아파트,106.2897104,2019
1708,경기도,수원시,아파트,104.0359196,2019
1709,경기도,부천시,아파트,106.6364442,2019
1710,경기도,안산시,아파트,92.13048987,2019
1711,경기도,시흥시,아파트,96.05573044,2019
1712,경기도,광명시,아파트,114.7314182,2019
1713,경기도,화성시,아파트,99.63679183,2019
1714,경기도,오산시,아파트,90.8483263,2019
1715,경기도,평택시,아파트,85.41065486,2019
1716,경기도,남양주시,아파트,99.89053368,2019
1717,경기도,구리시,아파트,113.7136477,2019
1718,경기도,하남시,아파트,110.1896545,2019
1719,경기도,광주시,아파트,97.03577578,2019
1720,경기도,이천시,아파트,93.25557132,2019
1721,경기도,여주시,아파트,90.90336508,2019
1722,경기도,김포시,아파트,99.88680188,2019
1723,경기도,고양시,아파트,97.11394172,2019
1724,경기도,파주시,아파트,94.22231677,2019
1725,경기도,포천시,아파트,94.11245486,2019
1726,경기도,동두천시,아파트,96.50287499,2019
1727,경기도,양주시,아파트,95.50861897,2019
1728,경기도,의정부시,아파트,100.1136613,2019
1729,인천광역시,인천광역시,아파트,100.125109,2019
1730,부산광역시,부산광역시,아파트,93.6659287,2019
1731,대구광역시,대구광역시,아파트,103.2277234,2019
1732,광주광역시,광주광역시,아파트,103.1111746,2019
1733,대전광역시,대전광역시,아파트,110.8489976,2019
1734,울산광역시,울산광역시,아파트,86.46605672,2019
1735,세종특별자치시,세종특별자치시,아파트,98.82098734,2019
1736,강원도,강원도,아파트,88.83069364,2019
1737,충청북도,충청북도,아파트,87.9113834,2019
1738,충청남도,충청남도,아파트,92.18507001,2019
1739,전라북도,전라북도,아파트,94.10484962,2019
1740,전라남도,전라남도,아파트,101.9603076,2019
1741,경상북도,경상북도,아파트,88.15316701,2019
1742,경상남도,경상남도,아파트,85.93977734,2019
1743,제주특별자치도,제주특별자치도,아파트,93.37444323,2019
1744,전국,전국,연립다세대,99.87721958,2019
1745,서울특별시,서울특별시,연립다세대,103.3635157,2019
1746,경기도,경기도,연립다세대,99.75732846,2019
1747,인천광역시,인천광역시,연립다세대,100.8970631,2019
1748,부산광역시,부산광역시,연립다세대,96.19369746,2019
1749,대구광역시,대구광역시,연립다세대,102.222433,2019
1750,경기도,광주시,연립다세대,101.7149524,2019
1751,대전광역시,대전광역시,연립다세대,104.2377499,2019
1752,울산광역시,울산광역시,연립다세대,91.6026615,2019
1753,세종특별자치시,세종특별자치시,연립다세대,97.61941262,2019
1754,강원도,강원도,연립다세대,95.02439444,2019
1755,충청북도,충청북도,연립다세대,94.38601827,2019
1756,충청남도,충청남도,연립다세대,93.1484755,2019
1757,전라북도,전라북도,연립다세대,97.71186232,2019
1758,전라남도,전라남도,연립다세대,100.9145289,2019
1759,경상북도,경상북도,연립다세대,93.58550666,2019
1760,경상남도,경상남도,연립다세대,88.37372274,2019
1761,제주특별자치도,제주특별자치도,연립다세대,94.74785083,2019
1762,전국,전국,단독주택,106.6915347,2019
1763,서울특별시,서울특별시,단독주택,111.7075258,2019
1764,경기도,경기도,단독주택,108.315932,2019
1765,인천광역시,인천광역시,단독주택,107.6868013,2019
1766,부산광역시,부산광역시,단독주택,109.6025904,2019
1767,대구광역시,대구광역시,단독주택,112.2332712,2019
1768,광주광역시,광주광역시,단독주택,110.6122751,2019
1769,대전광역시,대전광역시,단독주택,108.3314373,2019
1770,울산광역시,울산광역시,단독주택,102.6311241,2019
1771,세종특별자치시,세종특별자치시,단독주택,112.0307286,2019
1772,강원도,강원도,단독주택,106.483207,2019
1773,충청북도,충청북도,단독주택,104.6725242,2019
1774,충청남도,충청남도,단독주택,103.1772038,2019
1775,전라북도,전라북도,단독주택,105.4540519,2019
1776,전라남도,전라남도,단독주택,107.7650032,2019
1777,경상북도,경상북도,단독주택,105.4016275,2019
1778,경상남도,경상남도,단독주택,102.1576815,2019
1779,제주특별자치도,제주특별자치도,단독주택,103.4298474,2019
1780,전국,전국,종합,106.2615861,2020
1781,서울특별시,서울특별시,종합,111.0716067,2020
1782,서울특별시,종로구,종합,109.8488526,2020
1783,서울특별시,중구,종합,112.3330831,2020
1784,서울특별시,용산구,종합,114.5628705,2020
1785,서울특별시,성동구,종합,113.9267909,2020
1786,서울특별시,광진구,종합,110.3799679,2020
1787,서울특별시,동대문구,종합,111.2110729,2020
1788,서울특별시,중랑구,종합,108.7323683,2020
1789,서울특별시,성북구,종합,112.0570418,2020
1790,서울특별시,강북구,종합,109.9789486,2020
1791,서울특별시,도봉구,종합,108.2726202,2020
1792,서울특별시,노원구,종합,109.5180287,2020
1793,서울특별시,은평구,종합,108.6220244,2020
1794,서울특별시,서대문구,종합,110.2193938,2020
1795,서울특별시,마포구,종합,116.1239401,2020
1796,서울특별시,양천구,종합,111.7685892,2020
1797,서울특별시,강서구,종합,109.6414131,2020
1798,서울특별시,구로구,종합,110.3195114,2020
1799,서울특별시,금천구,종합,107.6396043,2020
1800,서울특별시,영등포구,종합,114.2992562,2020
1801,서울특별시,동작구,종합,112.499874,2020
1802,서울특별시,관악구,종합,107.877416,2020
1803,서울특별시,서초구,종합,110.6572787,2020
1804,서울특별시,강남구,종합,112.0616318,2020
1805,서울특별시,송파구,종합,112.8145718,2020
1806,서울특별시,강동구,종합,112.8710884,2020
1807,경기도,경기도,종합,111.0828284,2020
1808,경기도,과천시,종합,122.4827646,2020
1809,경기도,안양시,종합,116.915125,2020
1810,경기도,성남시,종합,118.3435283,2020
1811,경기도,군포시,종합,111.5654413,2020
1812,경기도,의왕시,종합,115.5448105,2020
1813,경기도,안성시,종합,94.99772145,2020
1814,경기도,용인시,종합,121.6108864,2020
1815,경기도,수원시,종합,119.6545177,2020
1816,경기도,부천시,종합,112.9744931,2020
1817,경기도,안산시,종합,103.4741163,2020
1818,경기도,시흥시,종합,105.2575479,2020
1819,경기도,광명시,종합,127.6066188,2020
1820,경기도,화성시,종합,113.1723651,2020
1821,경기도,오산시,종합,102.8336348,2020
1822,경기도,평택시,종합,94.82845104,2020
1823,경기도,남양주시,종합,111.0814191,2020
1824,경기도,구리시,종합,132.624366,2020
1825,경기도,하남시,종합,125.1283909,2020
1826,경기도,광주시,종합,102.9236071,2020
1827,경기도,이천시,종합,99.21691187,2020
1828,경기도,여주시,종합,100.7407153,2020
1829,경기도,김포시,종합,113.8904578,2020
1830,경기도,고양시,종합,108.4874304,2020
1831,경기도,파주시,종합,102.9646357,2020
1832,경기도,포천시,종합,98.28380789,2020
1833,경기도,동두천시,종합,97.65738883,2020
1834,경기도,양주시,종합,100.8898445,2020
1835,경기도,의정부시,종합,106.3213933,2020
1836,인천광역시,인천광역시,종합,108.1639815,2020
1837,부산광역시,부산광역시,종합,102.9499052,2020
1838,대구광역시,대구광역시,종합,111.2568722,2020
1839,광주광역시,광주광역시,종합,106.5462925,2020
1840,대전광역시,대전광역시,종합,124.9640859,2020
1841,울산광역시,울산광역시,종합,97.08638859,2020
1842,세종특별자치시,세종특별자치시,종합,138.7946048,2020
1843,강원도,강원도,종합,97.44230256,2020
1844,충청북도,충청북도,종합,97.75484681,2020
1845,충청남도,충청남도,종합,99.69189232,2020
1846,전라북도,전라북도,종합,101.0037905,2020
1847,전라남도,전라남도,종합,107.403019,2020
1848,경상북도,경상북도,종합,96.99402275,2020
1849,경상남도,경상남도,종합,94.21983706,2020
1850,제주특별자치도,제주특별자치도,종합,96.22458374,2020
1851,전국,전국,아파트,106.2231576,2020
1852,서울특별시,서울특별시,아파트,113.4630494,2020
1853,서울특별시,종로구,아파트,112.617394,2020
1854,서울특별시,중구,아파트,114.5665563,2020
1855,서울특별시,용산구,아파트,114.6269838,2020
1856,서울특별시,성동구,아파트,114.3396001,2020
1857,서울특별시,광진구,아파트,113.1915287,2020
1858,서울특별시,동대문구,아파트,111.8136592,2020
1859,서울특별시,중랑구,아파트,108.4553525,2020
1860,서울특별시,성북구,아파트,113.6146687,2020
1861,서울특별시,강북구,아파트,115.4380103,2020
1862,서울특별시,도봉구,아파트,110.0605197,2020
1863,서울특별시,노원구,아파트,109.8993869,2020
1864,서울특별시,은평구,아파트,110.9890711,2020
1865,서울특별시,서대문구,아파트,111.6391012,2020
1866,서울특별시,마포구,아파트,116.98398,2020
1867,서울특별시,양천구,아파트,116.9547536,2020
1868,서울특별시,강서구,아파트,114.2214163,2020
1869,서울특별시,구로구,아파트,113.2295698,2020
1870,서울특별시,금천구,아파트,109.4493835,2020
1871,서울특별시,영등포구,아파트,115.5820737,2020
1872,서울특별시,동작구,아파트,115.1559256,2020
1873,서울특별시,관악구,아파트,110.928051,2020
1874,서울특별시,서초구,아파트,111.848572,2020
1875,서울특별시,강남구,아파트,113.8993718,2020
1876,서울특별시,송파구,아파트,118.1707455,2020
1877,서울특별시,강동구,아파트,116.4729599,2020
1878,경기도,경기도,아파트,113.6606656,2020
1879,경기도,과천시,아파트,126.7814398,2020
1880,경기도,안양시,아파트,119.8817637,2020
1881,경기도,성남시,아파트,121.9075803,2020
1882,경기도,군포시,아파트,114.0364155,2020
1883,경기도,의왕시,아파트,117.4896915,2020
1884,경기도,안성시,아파트,87.60214707,2020
1885,경기도,용인시,아파트,126.9880684,2020
1886,경기도,수원시,아파트,125.8064765,2020
1887,경기도,부천시,아파트,117.4864245,2020
1888,경기도,안산시,아파트,104.5250117,2020
1889,경기도,시흥시,아파트,105.8882165,2020
1890,경기도,광명시,아파트,132.4137145,2020
1891,경기도,화성시,아파트,115.1554505,2020
1892,경기도,오산시,아파트,103.065365,2020
1893,경기도,평택시,아파트,90.01121146,2020
1894,경기도,남양주시,아파트,113.6956301,2020
1895,경기도,구리시,아파트,139.2446005,2020
1896,경기도,하남시,아파트,127.1156089,2020
1897,경기도,광주시,아파트,105.58981,2020
1898,경기도,이천시,아파트,92.59316098,2020
1899,경기도,여주시,아파트,88.54197395,2020
1900,경기도,김포시,아파트,115.2335233,2020
1901,경기도,고양시,아파트,108.7786713,2020
1902,경기도,파주시,아파트,101.333707,2020
1903,경기도,포천시,아파트,93.33204019,2020
1904,경기도,동두천시,아파트,95.21706132,2020
1905,경기도,양주시,아파트,99.26134932,2020
1906,경기도,의정부시,아파트,106.3021723,2020
1907,인천광역시,인천광역시,아파트,109.7058945,2020
1908,부산광역시,부산광역시,아파트,101.0777731,2020
1909,대구광역시,대구광역시,아파트,110.5328375,2020
1910,광주광역시,광주광역시,아파트,104.843368,2020
1911,대전광역시,대전광역시,아파트,130.9533678,2020
1912,울산광역시,울산광역시,아파트,95.54910124,2020
1913,세종특별자치시,세종특별자치시,아파트,143.2176279,2020
1914,강원도,강원도,아파트,90.75063681,2020
1915,충청북도,충청북도,아파트,92.47109292,2020
1916,충청남도,충청남도,아파트,97.15641482,2020
1917,전라북도,전라북도,아파트,96.50020165,2020
1918,전라남도,전라남도,아파트,103.6717293,2020
1919,경상북도,경상북도,아파트,89.37889776,2020
1920,경상남도,경상남도,아파트,89.67617713,2020
1921,제주특별자치도,제주특별자치도,아파트,91.55552442,2020
1922,전국,전국,연립다세대,101.032585,2020
1923,서울특별시,서울특별시,연립다세대,104.9019924,2020
1924,경기도,경기도,연립다세대,101.5719984,2020
1925,인천광역시,인천광역시,연립다세대,102.8410083,2020
1926,부산광역시,부산광역시,연립다세대,96.7745331,2020
1927,대구광역시,대구광역시,연립다세대,103.7800248,2020
1928,경기도,광주시,연립다세대,101.9705157,2020
1929,대전광역시,대전광역시,연립다세대,109.358508,2020
1930,울산광역시,울산광역시,연립다세대,91.41501658,2020
1931,세종특별자치시,세종특별자치시,연립다세대,99.86659338,2020
1932,강원도,강원도,연립다세대,93.99964068,2020
1933,충청북도,충청북도,연립다세대,93.31570378,2020
1934,충청남도,충청남도,연립다세대,91.31033824,2020
1935,전라북도,전라북도,연립다세대,96.35993112,2020
1936,전라남도,전라남도,연립다세대,101.239029,2020
1937,경상북도,경상북도,연립다세대,92.38816072,2020
1938,경상남도,경상남도,연립다세대,87.2100902,2020
1939,제주특별자치도,제주특별자치도,연립다세대,92.5761097,2020
1940,전국,전국,단독주택,109.3633602,2020
1941,서울특별시,서울특별시,단독주택,116.3644607,2020
1942,경기도,경기도,단독주택,112.3287517,2020
1943,인천광역시,인천광역시,단독주택,111.7524639,2020
1944,부산광역시,부산광역시,단독주택,113.7779439,2020
1945,대구광역시,대구광역시,단독주택,116.4426201,2020
1946,광주광역시,광주광역시,단독주택,114.2135927,2020
1947,대전광역시,대전광역시,단독주택,113.4414552,2020
1948,울산광역시,울산광역시,단독주택,103.8999631,2020
1949,세종특별자치시,세종특별자치시,단독주택,120.998042,2020
1950,강원도,강원도,단독주택,108.7206411,2020
1951,충청북도,충청북도,단독주택,106.6194296,2020
1952,충청남도,충청남도,단독주택,104.7491719,2020
1953,전라북도,전라북도,단독주택,108.057614,2020
1954,전라남도,전라남도,단독주택,111.2515107,2020
1955,경상북도,경상북도,단독주택,107.2529541,2020
1956,경상남도,경상남도,단독주택,102.4587143,2020
1957,제주특별자치도,제주특별자치도,단독주택,101.2080253,2020
