,지역(1),지역(2),법인+일반,법인,개인사업자(일반),연도
1,지역별,소계,3389802.0,557390.0,2832412.0,2010
2,서울,소계,900333.0,176286.0,724047.0,2010
3,서울,강남구,104664.0,34942.0,69722.0,2010
4,서울,강동구,25155.0,3617.0,21538.0,2010
5,서울,강북구,13952.0,1252.0,12700.0,2010
6,서울,강서구,30278.0,5264.0,25014.0,2010
7,서울,관악구,26099.0,2900.0,23199.0,2010
8,서울,광진구,24194.0,3903.0,20291.0,2010
9,서울,구로구,43048.0,8318.0,34730.0,2010
10,서울,금천구,26721.0,8148.0,18573.0,2010
11,서울,노원구,19571.0,2039.0,17532.0,2010
12,서울,도봉구,12593.0,1352.0,11241.0,2010
13,서울,동대문구,31758.0,3890.0,27868.0,2010
14,서울,동작구,16327.0,2392.0,13935.0,2010
15,서울,마포구,42066.0,9954.0,32112.0,2010
16,서울,서대문구,20253.0,2360.0,17893.0,2010
17,서울,서초구,72206.0,20482.0,51724.0,2010
18,서울,성동구,23525.0,5107.0,18418.0,2010
19,서울,성북구,19623.0,2365.0,17258.0,2010
20,서울,송파구,50358.0,11775.0,38583.0,2010
21,서울,양천구,24838.0,3348.0,21490.0,2010
22,서울,영등포구,66706.0,13385.0,53321.0,2010
23,서울,용산구,30009.0,6194.0,23815.0,2010
24,서울,은평구,20596.0,1934.0,18662.0,2010
25,서울,종로구,49338.0,8244.0,41094.0,2010
26,서울,중구,86389.0,11339.0,75050.0,2010
27,서울,중랑구,20066.0,1782.0,18284.0,2010
28,인천,소계,182113.0,23405.0,158708.0,2010
29,인천,강화군,3515.0,528.0,2987.0,2010
30,인천,계양구,17394.0,1860.0,15534.0,2010
31,인천,남동구,36126.0,5622.0,30504.0,2010
32,인천,동구,8770.0,1150.0,7620.0,2010
33,인천,미추홀구,25877.0,2730.0,23147.0,2010
34,인천,부평구,28246.0,3202.0,25044.0,2010
35,인천,서구,31467.0,4282.0,27185.0,2010
36,인천,연수구,14418.0,1507.0,12911.0,2010
37,인천,옹진군,771.0,167.0,604.0,2010
38,인천,중구,15529.0,2357.0,13172.0,2010
39,경기,소계,856801.0,121974.0,734827.0,2010
40,경기,가평군,3318.0,614.0,2704.0,2010
41,경기,고양시,72293.0,8729.0,63564.0,2010
42,경기,과천시,3766.0,741.0,3025.0,2010
43,경기,광명시,15520.0,1610.0,13910.0,2010
44,경기,광주시,24283.0,4589.0,19694.0,2010
45,경기,구리시,12024.0,1896.0,10128.0,2010
46,경기,군포시,17496.0,2510.0,14986.0,2010
47,경기,김포시,25556.0,4402.0,21154.0,2010
48,경기,남양주시,30373.0,3512.0,26861.0,2010
49,경기,동두천시,4437.0,488.0,3949.0,2010
50,경기,부천시,67305.0,7297.0,60008.0,2010
51,경기,성남시,68559.0,12364.0,56195.0,2010
52,경기,수원시,66895.0,7743.0,59152.0,2010
53,경기,시흥시,44419.0,5864.0,38555.0,2010
54,경기,안산시,55672.0,8154.0,47518.0,2010
55,경기,안성시,12906.0,2478.0,10428.0,2010
56,경기,안양시,46796.0,7271.0,39525.0,2010
57,경기,양주시,14340.0,2008.0,12332.0,2010
58,경기,양평군,4848.0,877.0,3971.0,2010
59,경기,여주시,10820.0,1342.0,9478.0,2010
60,경기,연천군,6097.0,508.0,5589.0,2010
61,경기,오산시,10198.0,1080.0,9118.0,2010
62,경기,용인시,52344.0,7572.0,44772.0,2010
63,경기,의왕시,7698.0,1215.0,6483.0,2010
64,경기,의정부시,20782.0,2001.0,18781.0,2010
65,경기,이천시,14084.0,2176.0,11908.0,2010
66,경기,파주시,27107.0,4187.0,22920.0,2010
67,경기,평택시,29399.0,4774.0,24625.0,2010
68,경기,포천시,17771.0,2457.0,15314.0,2010
69,경기,하남시,14268.0,2306.0,11962.0,2010
70,경기,화성시,55427.0,9209.0,46218.0,2010
71,강원,소계,83544.0,13776.0,69768.0,2010
72,강원,강릉시,12354.0,1866.0,10488.0,2010
73,강원,고성군,1408.0,334.0,1074.0,2010
74,강원,동해시,4995.0,713.0,4282.0,2010
75,강원,삼척시,3134.0,663.0,2471.0,2010
76,강원,속초시,4705.0,575.0,4130.0,2010
77,강원,양구군,826.0,216.0,610.0,2010
78,강원,양양군,1759.0,316.0,1443.0,2010
79,강원,영월군,2205.0,464.0,1741.0,2010
80,강원,원주시,18084.0,2827.0,15257.0,2010
81,강원,인제군,1397.0,321.0,1076.0,2010
82,강원,정선군,2118.0,516.0,1602.0,2010
83,강원,철원군,1811.0,346.0,1465.0,2010
84,강원,춘천시,15910.0,2217.0,13693.0,2010
85,강원,태백시,2487.0,390.0,2097.0,2010
86,강원,평창군,2929.0,602.0,2327.0,2010
87,강원,홍천군,4123.0,637.0,3486.0,2010
88,강원,화천군,869.0,222.0,647.0,2010
89,강원,횡성군,2430.0,551.0,1879.0,2010
90,대전,소계,87418.0,13069.0,74349.0,2010
91,대전,대덕구,15850.0,2385.0,13465.0,2010
92,대전,동구,11826.0,1406.0,10420.0,2010
93,대전,서구,26450.0,3817.0,22633.0,2010
94,대전,유성구,16689.0,3460.0,13229.0,2010
95,대전,중구,16603.0,2001.0,14602.0,2010
96,충북,소계,89622.0,16344.0,73278.0,2010
97,충북,괴산군,1615.0,536.0,1079.0,2010
98,충북,단양군,1817.0,414.0,1403.0,2010
99,충북,보은군,1853.0,419.0,1434.0,2010
100,충북,영동군,1791.0,490.0,1301.0,2010
101,충북,옥천군,3318.0,635.0,2683.0,2010
102,충북,음성군,6781.0,1998.0,4783.0,2010
103,충북,제천시,8176.0,1310.0,6866.0,2010
104,충북,증평군,1938.0,261.0,1677.0,2010
105,충북,진천군,4998.0,1189.0,3809.0,2010
106,충북,청원군,10856.0,2626.0,8230.0,2010
107,충북,청주시,34807.0,4640.0,30167.0,2010
108,충북,충주시,11672.0,1826.0,9846.0,2010
109,충남,소계,119219.0,21505.0,97714.0,2010
110,충남,계룡시,1325.0,211.0,1114.0,2010
111,충남,공주시,6568.0,1216.0,5352.0,2010
112,충남,금산군,3697.0,883.0,2814.0,2010
113,충남,논산시,6364.0,1247.0,5117.0,2010
114,충남,당진시,,,,2010
115,충남,보령시,5790.0,1068.0,4722.0,2010
116,충남,부여군,3006.0,729.0,2277.0,2010
117,충남,서산시,8309.0,1266.0,7043.0,2010
118,충남,서천군,2783.0,588.0,2195.0,2010
119,충남,아산시,15062.0,2729.0,12333.0,2010
120,충남,연기군,4666.0,998.0,3668.0,2010
121,충남,예산군,4445.0,820.0,3625.0,2010
122,충남,천안시,37525.0,5909.0,31616.0,2010
123,충남,청양군,1464.0,335.0,1129.0,2010
124,충남,태안군,3343.0,645.0,2698.0,2010
125,충남,홍성군,4597.0,849.0,3748.0,2010
126,충남,당진군,10275.0,2012.0,8263.0,2010
127,세종,세종,,,,2010
128,광주,소계,82359.0,14145.0,68214.0,2010
129,광주,광산구,21429.0,3876.0,17553.0,2010
130,광주,남구,7194.0,1159.0,6035.0,2010
131,광주,동구,10087.0,1682.0,8405.0,2010
132,광주,북구,22627.0,3911.0,18716.0,2010
133,광주,서구,21022.0,3517.0,17505.0,2010
134,전북,소계,95698.0,17916.0,77782.0,2010
135,전북,고창군,2313.0,609.0,1704.0,2010
136,전북,군산시,15587.0,2741.0,12846.0,2010
137,전북,김제시,4495.0,1224.0,3271.0,2010
138,전북,남원시,4556.0,927.0,3629.0,2010
139,전북,무주군,1395.0,298.0,1097.0,2010
140,전북,부안군,2346.0,539.0,1807.0,2010
141,전북,순창군,1209.0,397.0,812.0,2010
142,전북,완주군,4939.0,1083.0,3856.0,2010
143,전북,익산시,15632.0,2656.0,12976.0,2010
144,전북,임실군,1283.0,404.0,879.0,2010
145,전북,장수군,818.0,242.0,576.0,2010
146,전북,전주시,34545.0,5340.0,29205.0,2010
147,전북,정읍시,5600.0,1135.0,4465.0,2010
148,전북,진안군,980.0,321.0,659.0,2010
149,전남,소계,97415.0,21890.0,75525.0,2010
150,전남,강진군,2376.0,486.0,1890.0,2010
151,전남,고흥군,2511.0,841.0,1670.0,2010
152,전남,곡성군,1288.0,404.0,884.0,2010
153,전남,광양시,8372.0,1835.0,6537.0,2010
154,전남,구례군,1225.0,331.0,894.0,2010
155,전남,나주시,5783.0,1375.0,4408.0,2010
156,전남,담양군,3295.0,845.0,2450.0,2010
157,전남,목포시,13511.0,1920.0,11591.0,2010
158,전남,무안군,3144.0,862.0,2282.0,2010
159,전남,보성군,2255.0,522.0,1733.0,2010
160,전남,순천시,15143.0,2226.0,12917.0,2010
161,전남,신안군,1501.0,457.0,1044.0,2010
162,전남,여수시,14306.0,2626.0,11680.0,2010
163,전남,영광군,2648.0,738.0,1910.0,2010
164,전남,영암군,4194.0,1444.0,2750.0,2010
165,전남,완도군,2099.0,607.0,1492.0,2010
166,전남,장성군,2408.0,816.0,1592.0,2010
167,전남,장흥군,1759.0,536.0,1223.0,2010
168,전남,진도군,1265.0,415.0,850.0,2010
169,전남,함평군,1589.0,538.0,1051.0,2010
170,전남,해남군,3443.0,1082.0,2361.0,2010
171,전남,화순군,3300.0,984.0,2316.0,2010
172,대구,소계,150112.0,18017.0,132095.0,2010
173,대구,남구,7857.0,1040.0,6817.0,2010
174,대구,달서구,33804.0,4125.0,29679.0,2010
175,대구,달성군,11004.0,1456.0,9548.0,2010
176,대구,동구,15907.0,2090.0,13817.0,2010
177,대구,북구,32504.0,3127.0,29377.0,2010
178,대구,서구,13960.0,1580.0,12380.0,2010
179,대구,수성구,17792.0,2574.0,15218.0,2010
180,대구,중구,17284.0,2025.0,15259.0,2010
181,경북,소계,142729.0,24423.0,118306.0,2010
182,경북,경산시,13359.0,2098.0,11261.0,2010
183,경북,경주시,15629.0,2828.0,12801.0,2010
184,경북,고령군,2742.0,579.0,2163.0,2010
185,경북,구미시,23299.0,3307.0,19992.0,2010
186,경북,군위군,1137.0,337.0,800.0,2010
187,경북,김천시,5899.0,1013.0,4886.0,2010
188,경북,문경시,3298.0,576.0,2722.0,2010
189,경북,봉화군,1075.0,365.0,710.0,2010
190,경북,상주시,4839.0,779.0,4060.0,2010
191,경북,성주군,3109.0,684.0,2425.0,2010
192,경북,안동시,8885.0,1328.0,7557.0,2010
193,경북,영덕군,1784.0,390.0,1394.0,2010
194,경북,영양군,570.0,192.0,378.0,2010
195,경북,영주시,5856.0,785.0,5071.0,2010
196,경북,영천시,6417.0,1265.0,5152.0,2010
197,경북,예천군,1437.0,318.0,1119.0,2010
198,경북,울릉군,434.0,113.0,321.0,2010
199,경북,울진군,2120.0,440.0,1680.0,2010
200,경북,의성군,2197.0,541.0,1656.0,2010
201,경북,청도군,1592.0,444.0,1148.0,2010
202,경북,청송군,1026.0,318.0,708.0,2010
203,경북,칠곡군,8273.0,1390.0,6883.0,2010
204,경북,포항시,27752.0,4333.0,23419.0,2010
205,부산,소계,223018.0,31522.0,191496.0,2010
206,부산,강서구,13363.0,2432.0,10931.0,2010
207,부산,금정구,15224.0,1957.0,13267.0,2010
208,부산,기장군,5365.0,1019.0,4346.0,2010
209,부산,남구,13261.0,1668.0,11593.0,2010
210,부산,동구,11184.0,1950.0,9234.0,2010
211,부산,동래구,14597.0,1870.0,12727.0,2010
212,부산,부산진구,27334.0,3374.0,23960.0,2010
213,부산,북구,10260.0,977.0,9283.0,2010
214,부산,사상구,27791.0,3502.0,24289.0,2010
215,부산,사하구,15841.0,2254.0,13587.0,2010
216,부산,서구,5715.0,1186.0,4529.0,2010
217,부산,수영구,9294.0,1164.0,8130.0,2010
218,부산,연제구,12810.0,1963.0,10847.0,2010
219,부산,영도구,5751.0,760.0,4991.0,2010
220,부산,중구,13468.0,2586.0,10882.0,2010
221,부산,해운대구,21760.0,2860.0,18900.0,2010
222,울산,소계,58880.0,8438.0,50442.0,2010
223,울산,남구,25322.0,3622.0,21700.0,2010
224,울산,동구,4514.0,494.0,4020.0,2010
225,울산,북구,8431.0,1123.0,7308.0,2010
226,울산,울주군,11634.0,2312.0,9322.0,2010
227,울산,중구,8979.0,887.0,8092.0,2010
228,경남,소계,189443.0,28617.0,160826.0,2010
229,경남,거제시,9284.0,1128.0,8156.0,2010
230,경남,거창군,3141.0,544.0,2597.0,2010
231,경남,고성군,2674.0,556.0,2118.0,2010
232,경남,김해시,36997.0,5953.0,31044.0,2010
233,경남,남해군,1660.0,315.0,1345.0,2010
234,경남,밀양시,6355.0,969.0,5386.0,2010
235,경남,사천시,5603.0,1013.0,4590.0,2010
236,경남,산청군,1757.0,457.0,1300.0,2010
237,경남,양산시,18613.0,2533.0,16080.0,2010
238,경남,의령군,1615.0,382.0,1233.0,2010
239,경남,진주시,18739.0,2343.0,16396.0,2010
240,경남,창녕군,2743.0,696.0,2047.0,2010
241,경남,창원시,61525.0,8344.0,53181.0,2010
242,경남,통영시,6692.0,785.0,5907.0,2010
243,경남,하동군,2398.0,489.0,1909.0,2010
244,경남,함안군,5892.0,1247.0,4645.0,2010
245,경남,함양군,1727.0,441.0,1286.0,2010
246,경남,합천군,2028.0,422.0,1606.0,2010
247,제주,소계,31098.0,6063.0,25035.0,2010
248,제주,제주시,6678.0,1318.0,5360.0,2010
249,제주,서귀포시,24420.0,4745.0,19675.0,2010
250,지역별,소계,3571521.0,594584.0,2976937.0,2011
251,서울,소계,936901.0,184837.0,752064.0,2011
252,서울,강남구,108166.0,36174.0,71992.0,2011
253,서울,강동구,26342.0,3827.0,22515.0,2011
254,서울,강북구,14616.0,1337.0,13279.0,2011
255,서울,강서구,32220.0,5652.0,26568.0,2011
256,서울,관악구,27255.0,3079.0,24176.0,2011
257,서울,광진구,24748.0,4032.0,20716.0,2011
258,서울,구로구,45096.0,8886.0,36210.0,2011
259,서울,금천구,28843.0,8895.0,19948.0,2011
260,서울,노원구,20576.0,2184.0,18392.0,2011
261,서울,도봉구,13215.0,1430.0,11785.0,2011
262,서울,동대문구,32690.0,4054.0,28636.0,2011
263,서울,동작구,16947.0,2520.0,14427.0,2011
264,서울,마포구,44953.0,10484.0,34469.0,2011
265,서울,서대문구,20725.0,2480.0,18245.0,2011
266,서울,서초구,74757.0,21226.0,53531.0,2011
267,서울,성동구,24558.0,5459.0,19099.0,2011
268,서울,성북구,20602.0,2492.0,18110.0,2011
269,서울,송파구,54941.0,12521.0,42420.0,2011
270,서울,양천구,25692.0,3519.0,22173.0,2011
271,서울,영등포구,68064.0,14279.0,53785.0,2011
272,서울,용산구,30725.0,6455.0,24270.0,2011
273,서울,은평구,22206.0,2024.0,20182.0,2011
274,서울,종로구,49896.0,8349.0,41547.0,2011
275,서울,중구,88226.0,11633.0,76593.0,2011
276,서울,중랑구,20842.0,1846.0,18996.0,2011
277,인천,소계,191714.0,24866.0,166848.0,2011
278,인천,강화군,3722.0,560.0,3162.0,2011
279,인천,계양구,17831.0,1962.0,15869.0,2011
280,인천,남동구,38890.0,5886.0,33004.0,2011
281,인천,동구,9020.0,1196.0,7824.0,2011
282,인천,미추홀구,26983.0,2926.0,24057.0,2011
283,인천,부평구,29808.0,3461.0,26347.0,2011
284,인천,서구,33235.0,4460.0,28775.0,2011
285,인천,연수구,15471.0,1766.0,13705.0,2011
286,인천,옹진군,906.0,185.0,721.0,2011
287,인천,중구,15848.0,2464.0,13384.0,2011
288,경기,소계,908188.0,132306.0,775882.0,2011
289,경기,가평군,3601.0,679.0,2922.0,2011
290,경기,고양시,73325.0,9535.0,63790.0,2011
291,경기,과천시,3975.0,793.0,3182.0,2011
292,경기,광명시,16835.0,1932.0,14903.0,2011
293,경기,광주시,26080.0,4889.0,21191.0,2011
294,경기,구리시,12368.0,1888.0,10480.0,2011
295,경기,군포시,18166.0,2654.0,15512.0,2011
296,경기,김포시,27641.0,4810.0,22831.0,2011
297,경기,남양주시,33419.0,3900.0,29519.0,2011
298,경기,동두천시,4843.0,531.0,4312.0,2011
299,경기,부천시,70273.0,7770.0,62503.0,2011
300,경기,성남시,73625.0,13608.0,60017.0,2011
301,경기,수원시,71125.0,8351.0,62774.0,2011
302,경기,시흥시,46390.0,6385.0,40005.0,2011
303,경기,안산시,57393.0,8684.0,48709.0,2011
304,경기,안성시,13818.0,2642.0,11176.0,2011
305,경기,안양시,48611.0,7744.0,40867.0,2011
306,경기,양주시,15241.0,2168.0,13073.0,2011
307,경기,양평군,5340.0,962.0,4378.0,2011
308,경기,여주시,11287.0,1458.0,9829.0,2011
309,경기,연천군,6395.0,547.0,5848.0,2011
310,경기,오산시,11160.0,1206.0,9954.0,2011
311,경기,용인시,56189.0,8244.0,47945.0,2011
312,경기,의왕시,7987.0,1264.0,6723.0,2011
313,경기,의정부시,22012.0,2110.0,19902.0,2011
314,경기,이천시,14950.0,2309.0,12641.0,2011
315,경기,파주시,29833.0,4854.0,24979.0,2011
316,경기,평택시,31205.0,5091.0,26114.0,2011
317,경기,포천시,18808.0,2687.0,16121.0,2011
318,경기,하남시,14818.0,2558.0,12260.0,2011
319,경기,화성시,61475.0,10053.0,51422.0,2011
320,강원,소계,88033.0,14630.0,73403.0,2011
321,강원,강릉시,12850.0,1991.0,10859.0,2011
322,강원,고성군,1457.0,360.0,1097.0,2011
323,강원,동해시,5259.0,742.0,4517.0,2011
324,강원,삼척시,3369.0,711.0,2658.0,2011
325,강원,속초시,4750.0,574.0,4176.0,2011
326,강원,양구군,913.0,242.0,671.0,2011
327,강원,양양군,1797.0,332.0,1465.0,2011
328,강원,영월군,2343.0,496.0,1847.0,2011
329,강원,원주시,19247.0,2978.0,16269.0,2011
330,강원,인제군,1579.0,360.0,1219.0,2011
331,강원,정선군,2226.0,530.0,1696.0,2011
332,강원,철원군,1926.0,358.0,1568.0,2011
333,강원,춘천시,16842.0,2345.0,14497.0,2011
334,강원,태백시,2433.0,397.0,2036.0,2011
335,강원,평창군,3148.0,670.0,2478.0,2011
336,강원,홍천군,4311.0,695.0,3616.0,2011
337,강원,화천군,1004.0,261.0,743.0,2011
338,강원,횡성군,2579.0,588.0,1991.0,2011
339,대전,소계,92726.0,14024.0,78702.0,2011
340,대전,대덕구,16400.0,2447.0,13953.0,2011
341,대전,동구,12626.0,1512.0,11114.0,2011
342,대전,서구,27878.0,4095.0,23783.0,2011
343,대전,유성구,18481.0,3822.0,14659.0,2011
344,대전,중구,17341.0,2148.0,15193.0,2011
345,충북,소계,93925.0,17208.0,76717.0,2011
346,충북,괴산군,1748.0,585.0,1163.0,2011
347,충북,단양군,1852.0,419.0,1433.0,2011
348,충북,보은군,1887.0,439.0,1448.0,2011
349,충북,영동군,1927.0,511.0,1416.0,2011
350,충북,옥천군,3439.0,658.0,2781.0,2011
351,충북,음성군,7209.0,2068.0,5141.0,2011
352,충북,제천시,8677.0,1392.0,7285.0,2011
353,충북,증평군,2024.0,273.0,1751.0,2011
354,충북,진천군,5290.0,1244.0,4046.0,2011
355,충북,청원군,11066.0,2741.0,8325.0,2011
356,충북,청주시,36521.0,4959.0,31562.0,2011
357,충북,충주시,12285.0,1919.0,10366.0,2011
358,충남,소계,128349.0,23561.0,104788.0,2011
359,충남,계룡시,1454.0,221.0,1233.0,2011
360,충남,공주시,6818.0,1249.0,5569.0,2011
361,충남,금산군,3930.0,944.0,2986.0,2011
362,충남,논산시,6698.0,1303.0,5395.0,2011
363,충남,당진시,,,,2011
364,충남,보령시,6018.0,1120.0,4898.0,2011
365,충남,부여군,3278.0,789.0,2489.0,2011
366,충남,서산시,8892.0,1364.0,7528.0,2011
367,충남,서천군,2831.0,614.0,2217.0,2011
368,충남,아산시,16628.0,3072.0,13556.0,2011
369,충남,연기군,6181.0,1391.0,4790.0,2011
370,충남,예산군,4626.0,876.0,3750.0,2011
371,충남,천안시,39840.0,6478.0,33362.0,2011
372,충남,청양군,1640.0,363.0,1277.0,2011
373,충남,태안군,3436.0,685.0,2751.0,2011
374,충남,홍성군,5025.0,925.0,4100.0,2011
375,충남,당진군,11054.0,2167.0,8887.0,2011
376,세종,세종,,,,2011
377,광주,소계,87339.0,15447.0,71892.0,2011
378,광주,광산구,23734.0,4284.0,19450.0,2011
379,광주,남구,7580.0,1259.0,6321.0,2011
380,광주,동구,10200.0,1768.0,8432.0,2011
381,광주,북구,23707.0,4273.0,19434.0,2011
382,광주,서구,22118.0,3863.0,18255.0,2011
383,전북,소계,102362.0,19204.0,83158.0,2011
384,전북,고창군,2473.0,652.0,1821.0,2011
385,전북,군산시,16761.0,2971.0,13790.0,2011
386,전북,김제시,4765.0,1280.0,3485.0,2011
387,전북,남원시,4834.0,966.0,3868.0,2011
388,전북,무주군,1487.0,338.0,1149.0,2011
389,전북,부안군,2473.0,582.0,1891.0,2011
390,전북,순창군,1270.0,421.0,849.0,2011
391,전북,완주군,5369.0,1148.0,4221.0,2011
392,전북,익산시,16554.0,2877.0,13677.0,2011
393,전북,임실군,1376.0,436.0,940.0,2011
394,전북,장수군,856.0,243.0,613.0,2011
395,전북,전주시,37153.0,5734.0,31419.0,2011
396,전북,정읍시,5894.0,1193.0,4701.0,2011
397,전북,진안군,1097.0,363.0,734.0,2011
398,전남,소계,103301.0,23353.0,79948.0,2011
399,전남,강진군,2526.0,509.0,2017.0,2011
400,전남,고흥군,2698.0,913.0,1785.0,2011
401,전남,곡성군,1504.0,456.0,1048.0,2011
402,전남,광양시,9023.0,1950.0,7073.0,2011
403,전남,구례군,1213.0,341.0,872.0,2011
404,전남,나주시,6024.0,1491.0,4533.0,2011
405,전남,담양군,3544.0,936.0,2608.0,2011
406,전남,목포시,14279.0,2017.0,12262.0,2011
407,전남,무안군,3677.0,960.0,2717.0,2011
408,전남,보성군,2314.0,575.0,1739.0,2011
409,전남,순천시,15772.0,2317.0,13455.0,2011
410,전남,신안군,1550.0,498.0,1052.0,2011
411,전남,여수시,15153.0,2804.0,12349.0,2011
412,전남,영광군,2844.0,790.0,2054.0,2011
413,전남,영암군,4392.0,1570.0,2822.0,2011
414,전남,완도군,2235.0,623.0,1612.0,2011
415,전남,장성군,2654.0,889.0,1765.0,2011
416,전남,장흥군,1886.0,605.0,1281.0,2011
417,전남,진도군,1295.0,419.0,876.0,2011
418,전남,함평군,1721.0,591.0,1130.0,2011
419,전남,해남군,3517.0,1073.0,2444.0,2011
420,전남,화순군,3480.0,1026.0,2454.0,2011
421,대구,소계,157192.0,19152.0,138040.0,2011
422,대구,남구,8228.0,1039.0,7189.0,2011
423,대구,달서구,35124.0,4302.0,30822.0,2011
424,대구,달성군,11835.0,1622.0,10213.0,2011
425,대구,동구,16798.0,2266.0,14532.0,2011
426,대구,북구,34017.0,3373.0,30644.0,2011
427,대구,서구,14370.0,1623.0,12747.0,2011
428,대구,수성구,18639.0,2736.0,15903.0,2011
429,대구,중구,18181.0,2191.0,15990.0,2011
430,경북,소계,150902.0,26006.0,124896.0,2011
431,경북,경산시,14216.0,2252.0,11964.0,2011
432,경북,경주시,16566.0,3003.0,13563.0,2011
433,경북,고령군,3041.0,651.0,2390.0,2011
434,경북,구미시,24690.0,3573.0,21117.0,2011
435,경북,군위군,1179.0,364.0,815.0,2011
436,경북,김천시,6161.0,1082.0,5079.0,2011
437,경북,문경시,3504.0,609.0,2895.0,2011
438,경북,봉화군,1102.0,382.0,720.0,2011
439,경북,상주시,5157.0,840.0,4317.0,2011
440,경북,성주군,3502.0,747.0,2755.0,2011
441,경북,안동시,9266.0,1405.0,7861.0,2011
442,경북,영덕군,1872.0,404.0,1468.0,2011
443,경북,영양군,610.0,215.0,395.0,2011
444,경북,영주시,5930.0,816.0,5114.0,2011
445,경북,영천시,6853.0,1336.0,5517.0,2011
446,경북,예천군,1539.0,354.0,1185.0,2011
447,경북,울릉군,463.0,128.0,335.0,2011
448,경북,울진군,2275.0,477.0,1798.0,2011
449,경북,의성군,2306.0,565.0,1741.0,2011
450,경북,청도군,1708.0,485.0,1223.0,2011
451,경북,청송군,1045.0,322.0,723.0,2011
452,경북,칠곡군,8801.0,1475.0,7326.0,2011
453,경북,포항시,29116.0,4521.0,24595.0,2011
454,부산,소계,233962.0,33442.0,200520.0,2011
455,부산,강서구,14736.0,2707.0,12029.0,2011
456,부산,금정구,16078.0,2057.0,14021.0,2011
457,부산,기장군,6291.0,1124.0,5167.0,2011
458,부산,남구,13796.0,1773.0,12023.0,2011
459,부산,동구,11027.0,2010.0,9017.0,2011
460,부산,동래구,15182.0,1985.0,13197.0,2011
461,부산,부산진구,28538.0,3598.0,24940.0,2011
462,부산,북구,10678.0,973.0,9705.0,2011
463,부산,사상구,28276.0,3664.0,24612.0,2011
464,부산,사하구,16456.0,2319.0,14137.0,2011
465,부산,서구,5958.0,1212.0,4746.0,2011
466,부산,수영구,9470.0,1236.0,8234.0,2011
467,부산,연제구,13351.0,2067.0,11284.0,2011
468,부산,영도구,5971.0,792.0,5179.0,2011
469,부산,중구,13891.0,2666.0,11225.0,2011
470,부산,해운대구,24263.0,3259.0,21004.0,2011
471,울산,소계,62292.0,9140.0,53152.0,2011
472,울산,남구,26597.0,3831.0,22766.0,2011
473,울산,동구,4850.0,566.0,4284.0,2011
474,울산,북구,9031.0,1243.0,7788.0,2011
475,울산,울주군,12405.0,2542.0,9863.0,2011
476,울산,중구,9409.0,958.0,8451.0,2011
477,경남,소계,200815.0,30535.0,170280.0,2011
478,경남,거제시,10214.0,1251.0,8963.0,2011
479,경남,거창군,3268.0,619.0,2649.0,2011
480,경남,고성군,2919.0,602.0,2317.0,2011
481,경남,김해시,39433.0,6288.0,33145.0,2011
482,경남,남해군,1789.0,342.0,1447.0,2011
483,경남,밀양시,6606.0,1034.0,5572.0,2011
484,경남,사천시,5941.0,1068.0,4873.0,2011
485,경남,산청군,1917.0,492.0,1425.0,2011
486,경남,양산시,20400.0,2708.0,17692.0,2011
487,경남,의령군,1648.0,400.0,1248.0,2011
488,경남,진주시,19547.0,2460.0,17087.0,2011
489,경남,창녕군,2953.0,757.0,2196.0,2011
490,경남,창원시,64423.0,8883.0,55540.0,2011
491,경남,통영시,6942.0,819.0,6123.0,2011
492,경남,하동군,2529.0,521.0,2008.0,2011
493,경남,함안군,6364.0,1347.0,5017.0,2011
494,경남,함양군,1800.0,478.0,1322.0,2011
495,경남,합천군,2122.0,466.0,1656.0,2011
496,제주,소계,33520.0,6873.0,26647.0,2011
497,제주,제주시,26220.0,5363.0,20857.0,2011
498,제주,서귀포시,7300.0,1510.0,5790.0,2011
499,지역별,소계,3716051.0,635298.0,3080753.0,2012
500,서울,소계,960489.0,194535.0,765954.0,2012
501,서울,강남구,111559.0,37849.0,73710.0,2012
502,서울,강동구,27555.0,4059.0,23496.0,2012
503,서울,강북구,15269.0,1409.0,13860.0,2012
504,서울,강서구,33095.0,6062.0,27033.0,2012
505,서울,관악구,27972.0,3194.0,24778.0,2012
506,서울,광진구,25870.0,4218.0,21652.0,2012
507,서울,구로구,46274.0,9415.0,36859.0,2012
508,서울,금천구,30575.0,9726.0,20849.0,2012
509,서울,노원구,21294.0,2322.0,18972.0,2012
510,서울,도봉구,13635.0,1489.0,12146.0,2012
511,서울,동대문구,33385.0,4206.0,29179.0,2012
512,서울,동작구,17321.0,2601.0,14720.0,2012
513,서울,마포구,46832.0,11157.0,35675.0,2012
514,서울,서대문구,20746.0,2656.0,18090.0,2012
515,서울,서초구,74955.0,21934.0,53021.0,2012
516,서울,성동구,25436.0,5956.0,19480.0,2012
517,서울,성북구,21168.0,2594.0,18574.0,2012
518,서울,송파구,56504.0,12927.0,43577.0,2012
519,서울,양천구,25758.0,3551.0,22207.0,2012
520,서울,영등포구,68901.0,15445.0,53456.0,2012
521,서울,용산구,30981.0,6719.0,24262.0,2012
522,서울,은평구,23115.0,2207.0,20908.0,2012
523,서울,종로구,50762.0,8712.0,42050.0,2012
524,서울,중구,90076.0,12174.0,77902.0,2012
525,서울,중랑구,21451.0,1953.0,19498.0,2012
526,인천,소계,197142.0,26874.0,170268.0,2012
527,인천,강화군,3877.0,611.0,3266.0,2012
528,인천,계양구,17900.0,2126.0,15774.0,2012
529,인천,남동구,40431.0,6259.0,34172.0,2012
530,인천,동구,9268.0,1299.0,7969.0,2012
531,인천,미추홀구,27445.0,3065.0,24380.0,2012
532,인천,부평구,29716.0,3632.0,26084.0,2012
533,인천,서구,34827.0,4920.0,29907.0,2012
534,인천,연수구,16701.0,2198.0,14503.0,2012
535,인천,옹진군,1012.0,202.0,810.0,2012
536,인천,중구,15965.0,2562.0,13403.0,2012
537,경기,소계,948677.0,142904.0,805773.0,2012
538,경기,가평군,3740.0,710.0,3030.0,2012
539,경기,고양시,75535.0,10461.0,65074.0,2012
540,경기,과천시,4157.0,825.0,3332.0,2012
541,경기,광명시,17752.0,2135.0,15617.0,2012
542,경기,광주시,27768.0,5301.0,22467.0,2012
543,경기,구리시,12490.0,1958.0,10532.0,2012
544,경기,군포시,18783.0,2876.0,15907.0,2012
545,경기,김포시,29594.0,5328.0,24266.0,2012
546,경기,남양주시,36246.0,4374.0,31872.0,2012
547,경기,동두천시,4982.0,550.0,4432.0,2012
548,경기,부천시,70404.0,8156.0,62248.0,2012
549,경기,성남시,77880.0,14546.0,63334.0,2012
550,경기,수원시,75113.0,8922.0,66191.0,2012
551,경기,시흥시,47703.0,6828.0,40875.0,2012
552,경기,안산시,59315.0,9244.0,50071.0,2012
553,경기,안성시,14679.0,2860.0,11819.0,2012
554,경기,안양시,49675.0,8292.0,41383.0,2012
555,경기,양주시,15871.0,2318.0,13553.0,2012
556,경기,양평군,5592.0,1060.0,4532.0,2012
557,경기,여주시,11281.0,1555.0,9726.0,2012
558,경기,연천군,6344.0,557.0,5787.0,2012
559,경기,오산시,11817.0,1403.0,10414.0,2012
560,경기,용인시,59555.0,9147.0,50408.0,2012
561,경기,의왕시,8278.0,1312.0,6966.0,2012
562,경기,의정부시,22916.0,2261.0,20655.0,2012
563,경기,이천시,15769.0,2411.0,13358.0,2012
564,경기,파주시,31468.0,5278.0,26190.0,2012
565,경기,평택시,32665.0,5484.0,27181.0,2012
566,경기,포천시,19501.0,2913.0,16588.0,2012
567,경기,하남시,15567.0,2747.0,12820.0,2012
568,경기,화성시,66237.0,11092.0,55145.0,2012
569,강원,소계,91685.0,15696.0,75989.0,2012
570,강원,강릉시,13293.0,2136.0,11157.0,2012
571,강원,고성군,1505.0,369.0,1136.0,2012
572,강원,동해시,5468.0,766.0,4702.0,2012
573,강원,삼척시,3545.0,752.0,2793.0,2012
574,강원,속초시,5031.0,586.0,4445.0,2012
575,강원,양구군,1040.0,266.0,774.0,2012
576,강원,양양군,1794.0,338.0,1456.0,2012
577,강원,영월군,2364.0,534.0,1830.0,2012
578,강원,원주시,20312.0,3256.0,17056.0,2012
579,강원,인제군,1769.0,401.0,1368.0,2012
580,강원,정선군,2304.0,564.0,1740.0,2012
581,강원,철원군,2034.0,380.0,1654.0,2012
582,강원,춘천시,17334.0,2500.0,14834.0,2012
583,강원,태백시,2432.0,412.0,2020.0,2012
584,강원,평창군,3352.0,757.0,2595.0,2012
585,강원,홍천군,4387.0,766.0,3621.0,2012
586,강원,화천군,1090.0,289.0,801.0,2012
587,강원,횡성군,2631.0,624.0,2007.0,2012
588,대전,소계,96897.0,14775.0,82122.0,2012
589,대전,대덕구,16965.0,2513.0,14452.0,2012
590,대전,동구,13160.0,1588.0,11572.0,2012
591,대전,서구,28875.0,4328.0,24547.0,2012
592,대전,유성구,20179.0,4161.0,16018.0,2012
593,대전,중구,17718.0,2185.0,15533.0,2012
594,충북,소계,99287.0,18509.0,80778.0,2012
595,충북,괴산군,1875.0,620.0,1255.0,2012
596,충북,단양군,1904.0,436.0,1468.0,2012
597,충북,보은군,1932.0,455.0,1477.0,2012
598,충북,영동군,1989.0,529.0,1460.0,2012
599,충북,옥천군,3603.0,715.0,2888.0,2012
600,충북,음성군,7558.0,2180.0,5378.0,2012
601,충북,제천시,9156.0,1487.0,7669.0,2012
602,충북,증평군,2060.0,295.0,1765.0,2012
603,충북,진천군,5676.0,1345.0,4331.0,2012
604,충북,청원군,12260.0,2973.0,9287.0,2012
605,충북,청주시,38429.0,5432.0,32997.0,2012
606,충북,충주시,12845.0,2042.0,10803.0,2012
607,충남,소계,128494.0,23550.0,104944.0,2012
608,충남,계룡시,1521.0,235.0,1286.0,2012
609,충남,공주시,7112.0,1325.0,5787.0,2012
610,충남,금산군,4110.0,1009.0,3101.0,2012
611,충남,논산시,7056.0,1411.0,5645.0,2012
612,충남,당진시,11755.0,2293.0,9462.0,2012
613,충남,보령시,6139.0,1079.0,5060.0,2012
614,충남,부여군,3383.0,825.0,2558.0,2012
615,충남,서산시,9483.0,1422.0,8061.0,2012
616,충남,서천군,2917.0,601.0,2316.0,2012
617,충남,아산시,17810.0,3416.0,14394.0,2012
618,충남,연기군,13.0,9.0,4.0,2012
619,충남,예산군,4892.0,924.0,3968.0,2012
620,충남,천안시,41817.0,6913.0,34904.0,2012
621,충남,청양군,1674.0,390.0,1284.0,2012
622,충남,태안군,3582.0,727.0,2855.0,2012
623,충남,홍성군,5230.0,971.0,4259.0,2012
624,충남,당진군,,,,2012
625,세종,세종,9112.0,1912.0,7200.0,2012
626,광주,소계,91394.0,16708.0,74686.0,2012
627,광주,광산구,25501.0,4723.0,20778.0,2012
628,광주,남구,7895.0,1359.0,6536.0,2012
629,광주,동구,10404.0,1848.0,8556.0,2012
630,광주,북구,24578.0,4574.0,20004.0,2012
631,광주,서구,23016.0,4204.0,18812.0,2012
632,전북,소계,107902.0,20679.0,87223.0,2012
633,전북,고창군,2649.0,748.0,1901.0,2012
634,전북,군산시,17423.0,3188.0,14235.0,2012
635,전북,김제시,5092.0,1375.0,3717.0,2012
636,전북,남원시,5077.0,1029.0,4048.0,2012
637,전북,무주군,1565.0,374.0,1191.0,2012
638,전북,부안군,2687.0,673.0,2014.0,2012
639,전북,순창군,1341.0,434.0,907.0,2012
640,전북,완주군,5664.0,1226.0,4438.0,2012
641,전북,익산시,17214.0,3096.0,14118.0,2012
642,전북,임실군,1434.0,441.0,993.0,2012
643,전북,장수군,906.0,255.0,651.0,2012
644,전북,전주시,39393.0,6135.0,33258.0,2012
645,전북,정읍시,6293.0,1303.0,4990.0,2012
646,전북,진안군,1164.0,402.0,762.0,2012
647,전남,소계,107795.0,24921.0,82874.0,2012
648,전남,강진군,2651.0,562.0,2089.0,2012
649,전남,고흥군,2866.0,1056.0,1810.0,2012
650,전남,곡성군,1591.0,487.0,1104.0,2012
651,전남,광양시,9503.0,2046.0,7457.0,2012
652,전남,구례군,1316.0,377.0,939.0,2012
653,전남,나주시,6268.0,1616.0,4652.0,2012
654,전남,담양군,3667.0,1004.0,2663.0,2012
655,전남,목포시,14802.0,2108.0,12694.0,2012
656,전남,무안군,4163.0,1057.0,3106.0,2012
657,전남,보성군,2312.0,620.0,1692.0,2012
658,전남,순천시,16438.0,2474.0,13964.0,2012
659,전남,신안군,1419.0,512.0,907.0,2012
660,전남,여수시,15736.0,2853.0,12883.0,2012
661,전남,영광군,3000.0,838.0,2162.0,2012
662,전남,영암군,4427.0,1621.0,2806.0,2012
663,전남,완도군,2270.0,676.0,1594.0,2012
664,전남,장성군,2912.0,972.0,1940.0,2012
665,전남,장흥군,1936.0,651.0,1285.0,2012
666,전남,진도군,1338.0,454.0,884.0,2012
667,전남,함평군,1916.0,630.0,1286.0,2012
668,전남,해남군,3711.0,1215.0,2496.0,2012
669,전남,화순군,3553.0,1092.0,2461.0,2012
670,대구,소계,163089.0,20519.0,142570.0,2012
671,대구,남구,8459.0,1131.0,7328.0,2012
672,대구,달서구,36114.0,4588.0,31526.0,2012
673,대구,달성군,12720.0,1817.0,10903.0,2012
674,대구,동구,18000.0,2424.0,15576.0,2012
675,대구,북구,34902.0,3623.0,31279.0,2012
676,대구,서구,14795.0,1750.0,13045.0,2012
677,대구,수성구,19537.0,2921.0,16616.0,2012
678,대구,중구,18562.0,2265.0,16297.0,2012
679,경북,소계,159054.0,27870.0,131184.0,2012
680,경북,경산시,15354.0,2455.0,12899.0,2012
681,경북,경주시,17291.0,3170.0,14121.0,2012
682,경북,고령군,3192.0,701.0,2491.0,2012
683,경북,구미시,26057.0,3803.0,22254.0,2012
684,경북,군위군,1208.0,359.0,849.0,2012
685,경북,김천시,6389.0,1162.0,5227.0,2012
686,경북,문경시,3639.0,627.0,3012.0,2012
687,경북,봉화군,1158.0,390.0,768.0,2012
688,경북,상주시,5396.0,896.0,4500.0,2012
689,경북,성주군,3826.0,856.0,2970.0,2012
690,경북,안동시,9775.0,1534.0,8241.0,2012
691,경북,영덕군,2056.0,459.0,1597.0,2012
692,경북,영양군,589.0,213.0,376.0,2012
693,경북,영주시,6164.0,867.0,5297.0,2012
694,경북,영천시,7353.0,1457.0,5896.0,2012
695,경북,예천군,1646.0,410.0,1236.0,2012
696,경북,울릉군,524.0,137.0,387.0,2012
697,경북,울진군,2399.0,528.0,1871.0,2012
698,경북,의성군,2434.0,599.0,1835.0,2012
699,경북,청도군,1825.0,526.0,1299.0,2012
700,경북,청송군,1134.0,349.0,785.0,2012
701,경북,칠곡군,9290.0,1635.0,7655.0,2012
702,경북,포항시,30355.0,4737.0,25618.0,2012
703,부산,소계,243603.0,35564.0,208039.0,2012
704,부산,강서구,16301.0,3155.0,13146.0,2012
705,부산,금정구,16529.0,2160.0,14369.0,2012
706,부산,기장군,7273.0,1277.0,5996.0,2012
707,부산,남구,14361.0,1851.0,12510.0,2012
708,부산,동구,11110.0,2069.0,9041.0,2012
709,부산,동래구,15870.0,2093.0,13777.0,2012
710,부산,부산진구,29534.0,3685.0,25849.0,2012
711,부산,북구,10775.0,1014.0,9761.0,2012
712,부산,사상구,28515.0,3802.0,24713.0,2012
713,부산,사하구,16616.0,2406.0,14210.0,2012
714,부산,서구,6172.0,1247.0,4925.0,2012
715,부산,수영구,10017.0,1278.0,8739.0,2012
716,부산,연제구,13871.0,2186.0,11685.0,2012
717,부산,영도구,6108.0,847.0,5261.0,2012
718,부산,중구,14019.0,2751.0,11268.0,2012
719,부산,해운대구,26532.0,3743.0,22789.0,2012
720,울산,소계,65422.0,9894.0,55528.0,2012
721,울산,남구,27022.0,4089.0,22933.0,2012
722,울산,동구,5333.0,621.0,4712.0,2012
723,울산,북구,9460.0,1369.0,8091.0,2012
724,울산,울주군,13462.0,2750.0,10712.0,2012
725,울산,중구,10145.0,1065.0,9080.0,2012
726,경남,소계,209739.0,32652.0,177087.0,2012
727,경남,거제시,11026.0,1426.0,9600.0,2012
728,경남,거창군,3420.0,682.0,2738.0,2012
729,경남,고성군,2984.0,673.0,2311.0,2012
730,경남,김해시,41613.0,6750.0,34863.0,2012
731,경남,남해군,1869.0,362.0,1507.0,2012
732,경남,밀양시,6703.0,1127.0,5576.0,2012
733,경남,사천시,6238.0,1098.0,5140.0,2012
734,경남,산청군,2033.0,544.0,1489.0,2012
735,경남,양산시,21879.0,2941.0,18938.0,2012
736,경남,의령군,1691.0,410.0,1281.0,2012
737,경남,진주시,20126.0,2531.0,17595.0,2012
738,경남,창녕군,3081.0,808.0,2273.0,2012
739,경남,창원시,66576.0,9423.0,57153.0,2012
740,경남,통영시,7005.0,871.0,6134.0,2012
741,경남,하동군,2546.0,570.0,1976.0,2012
742,경남,함안군,6858.0,1435.0,5423.0,2012
743,경남,함양군,1873.0,505.0,1368.0,2012
744,경남,합천군,2218.0,496.0,1722.0,2012
745,제주,소계,36270.0,7736.0,28534.0,2012
746,제주,제주시,28208.0,6022.0,22186.0,2012
747,제주,서귀포시,8062.0,1714.0,6348.0,2012
748,지역별,소계,3832992.0,677947.0,3155045.0,2013
749,서울,소계,978610.0,204421.0,774189.0,2013
750,서울,강남구,114895.0,39492.0,75403.0,2013
751,서울,강동구,27994.0,4119.0,23875.0,2013
752,서울,강북구,15567.0,1501.0,14066.0,2013
753,서울,강서구,35170.0,6441.0,28729.0,2013
754,서울,관악구,27806.0,3411.0,24395.0,2013
755,서울,광진구,26117.0,4410.0,21707.0,2013
756,서울,구로구,47283.0,10117.0,37166.0,2013
757,서울,금천구,31962.0,10509.0,21453.0,2013
758,서울,노원구,21834.0,2503.0,19331.0,2013
759,서울,도봉구,14015.0,1573.0,12442.0,2013
760,서울,동대문구,34207.0,4320.0,29887.0,2013
761,서울,동작구,17921.0,2749.0,15172.0,2013
762,서울,마포구,47961.0,11933.0,36028.0,2013
763,서울,서대문구,20895.0,2823.0,18072.0,2013
764,서울,서초구,76063.0,22686.0,53377.0,2013
765,서울,성동구,26180.0,6320.0,19860.0,2013
766,서울,성북구,21636.0,2712.0,18924.0,2013
767,서울,송파구,55962.0,13267.0,42695.0,2013
768,서울,양천구,26379.0,3750.0,22629.0,2013
769,서울,영등포구,70172.0,16876.0,53296.0,2013
770,서울,용산구,31279.0,6989.0,24290.0,2013
771,서울,은평구,23669.0,2377.0,21292.0,2013
772,서울,종로구,50973.0,8923.0,42050.0,2013
773,서울,중구,90837.0,12559.0,78278.0,2013
774,서울,중랑구,21833.0,2061.0,19772.0,2013
775,인천,소계,202943.0,28967.0,173976.0,2013
776,인천,강화군,3937.0,681.0,3256.0,2013
777,인천,계양구,18485.0,2244.0,16241.0,2013
778,인천,남동구,41288.0,6656.0,34632.0,2013
779,인천,동구,9496.0,1407.0,8089.0,2013
780,인천,미추홀구,27864.0,3208.0,24656.0,2013
781,인천,부평구,30408.0,3857.0,26551.0,2013
782,인천,서구,35711.0,5382.0,30329.0,2013
783,인천,연수구,18482.0,2681.0,15801.0,2013
784,인천,옹진군,1046.0,218.0,828.0,2013
785,인천,중구,16226.0,2633.0,13593.0,2013
786,경기,소계,980907.0,154732.0,826175.0,2013
787,경기,가평군,3917.0,755.0,3162.0,2013
788,경기,고양시,77704.0,11486.0,66218.0,2013
789,경기,과천시,4178.0,845.0,3333.0,2013
790,경기,광명시,18065.0,2275.0,15790.0,2013
791,경기,광주시,29109.0,5583.0,23526.0,2013
792,경기,구리시,12890.0,2090.0,10800.0,2013
793,경기,군포시,19144.0,3022.0,16122.0,2013
794,경기,김포시,31328.0,5872.0,25456.0,2013
795,경기,남양주시,39431.0,4966.0,34465.0,2013
796,경기,동두천시,5029.0,584.0,4445.0,2013
797,경기,부천시,71739.0,8585.0,63154.0,2013
798,경기,성남시,80824.0,15873.0,64951.0,2013
799,경기,수원시,77732.0,9611.0,68121.0,2013
800,경기,시흥시,48383.0,7128.0,41255.0,2013
801,경기,안산시,61511.0,10079.0,51432.0,2013
802,경기,안성시,15127.0,3031.0,12096.0,2013
803,경기,안양시,50423.0,8803.0,41620.0,2013
804,경기,양주시,16396.0,2549.0,13847.0,2013
805,경기,양평군,6036.0,1158.0,4878.0,2013
806,경기,여주시,11637.0,1655.0,9982.0,2013
807,경기,연천군,6229.0,599.0,5630.0,2013
808,경기,오산시,12346.0,1588.0,10758.0,2013
809,경기,용인시,61611.0,10197.0,51414.0,2013
810,경기,의왕시,8586.0,1427.0,7159.0,2013
811,경기,의정부시,23347.0,2444.0,20903.0,2013
812,경기,이천시,16409.0,2728.0,13681.0,2013
813,경기,파주시,32603.0,5638.0,26965.0,2013
814,경기,평택시,34235.0,5860.0,28375.0,2013
815,경기,포천시,20451.0,3158.0,17293.0,2013
816,경기,하남시,15719.0,2886.0,12833.0,2013
817,경기,화성시,68768.0,12257.0,56511.0,2013
818,강원,소계,94409.0,16647.0,77762.0,2013
819,강원,강릉시,13631.0,2258.0,11373.0,2013
820,강원,고성군,1565.0,382.0,1183.0,2013
821,강원,동해시,5697.0,816.0,4881.0,2013
822,강원,삼척시,3679.0,788.0,2891.0,2013
823,강원,속초시,5135.0,619.0,4516.0,2013
824,강원,양구군,1134.0,295.0,839.0,2013
825,강원,양양군,1824.0,343.0,1481.0,2013
826,강원,영월군,2437.0,571.0,1866.0,2013
827,강원,원주시,21007.0,3466.0,17541.0,2013
828,강원,인제군,1871.0,433.0,1438.0,2013
829,강원,정선군,2436.0,593.0,1843.0,2013
830,강원,철원군,2083.0,419.0,1664.0,2013
831,강원,춘천시,17533.0,2653.0,14880.0,2013
832,강원,태백시,2479.0,434.0,2045.0,2013
833,강원,평창군,3479.0,806.0,2673.0,2013
834,강원,홍천군,4492.0,809.0,3683.0,2013
835,강원,화천군,1124.0,312.0,812.0,2013
836,강원,횡성군,2803.0,650.0,2153.0,2013
837,대전,소계,99454.0,15721.0,83733.0,2013
838,대전,대덕구,17300.0,2612.0,14688.0,2013
839,대전,동구,13332.0,1689.0,11643.0,2013
840,대전,서구,29726.0,4587.0,25139.0,2013
841,대전,유성구,21367.0,4520.0,16847.0,2013
842,대전,중구,17729.0,2313.0,15416.0,2013
843,충북,소계,102414.0,19577.0,82837.0,2013
844,충북,괴산군,1969.0,646.0,1323.0,2013
845,충북,단양군,1903.0,444.0,1459.0,2013
846,충북,보은군,2021.0,491.0,1530.0,2013
847,충북,영동군,2083.0,551.0,1532.0,2013
848,충북,옥천군,3695.0,755.0,2940.0,2013
849,충북,음성군,7921.0,2336.0,5585.0,2013
850,충북,제천시,9303.0,1530.0,7773.0,2013
851,충북,증평군,2130.0,307.0,1823.0,2013
852,충북,진천군,5852.0,1383.0,4469.0,2013
853,충북,청원군,,,,2013
854,충북,청주시,52377.0,8952.0,43425.0,2013
855,충북,충주시,13160.0,2182.0,10978.0,2013
856,충남,소계,133521.0,25304.0,108217.0,2013
857,충남,계룡시,1552.0,261.0,1291.0,2013
858,충남,공주시,7332.0,1426.0,5906.0,2013
859,충남,금산군,4239.0,1056.0,3183.0,2013
860,충남,논산시,7348.0,1518.0,5830.0,2013
861,충남,당진시,11933.0,2420.0,9513.0,2013
862,충남,보령시,6275.0,1200.0,5075.0,2013
863,충남,부여군,3603.0,929.0,2674.0,2013
864,충남,서산시,9827.0,1538.0,8289.0,2013
865,충남,서천군,2976.0,656.0,2320.0,2013
866,충남,아산시,18964.0,3683.0,15281.0,2013
867,충남,연기군,7.0,3.0,4.0,2013
868,충남,예산군,5043.0,968.0,4075.0,2013
869,충남,천안시,43304.0,7384.0,35920.0,2013
870,충남,청양군,1750.0,436.0,1314.0,2013
871,충남,태안군,3722.0,787.0,2935.0,2013
872,충남,홍성군,5646.0,1039.0,4607.0,2013
873,충남,당진군,,,,2013
874,세종,세종,11585.0,2335.0,9250.0,2013
875,광주,소계,95373.0,18304.0,77069.0,2013
876,광주,광산구,26972.0,5116.0,21856.0,2013
877,광주,남구,8244.0,1561.0,6683.0,2013
878,광주,동구,10645.0,2013.0,8632.0,2013
879,광주,북구,25683.0,5010.0,20673.0,2013
880,광주,서구,23829.0,4604.0,19225.0,2013
881,전북,소계,113673.0,22322.0,91351.0,2013
882,전북,고창군,2847.0,816.0,2031.0,2013
883,전북,군산시,18085.0,3400.0,14685.0,2013
884,전북,김제시,5436.0,1473.0,3963.0,2013
885,전북,남원시,5426.0,1108.0,4318.0,2013
886,전북,무주군,1628.0,402.0,1226.0,2013
887,전북,부안군,2920.0,721.0,2199.0,2013
888,전북,순창군,1457.0,465.0,992.0,2013
889,전북,완주군,6092.0,1370.0,4722.0,2013
890,전북,익산시,17928.0,3308.0,14620.0,2013
891,전북,임실군,1603.0,481.0,1122.0,2013
892,전북,장수군,973.0,285.0,688.0,2013
893,전북,전주시,41114.0,6654.0,34460.0,2013
894,전북,정읍시,6908.0,1411.0,5497.0,2013
895,전북,진안군,1256.0,428.0,828.0,2013
896,전남,소계,112522.0,26328.0,86194.0,2013
897,전남,강진군,2706.0,579.0,2127.0,2013
898,전남,고흥군,2977.0,1117.0,1860.0,2013
899,전남,곡성군,1733.0,520.0,1213.0,2013
900,전남,광양시,9946.0,2137.0,7809.0,2013
901,전남,구례군,1332.0,397.0,935.0,2013
902,전남,나주시,6798.0,1790.0,5008.0,2013
903,전남,담양군,3866.0,1103.0,2763.0,2013
904,전남,목포시,15204.0,2159.0,13045.0,2013
905,전남,무안군,4562.0,1132.0,3430.0,2013
906,전남,보성군,2362.0,637.0,1725.0,2013
907,전남,순천시,17099.0,2644.0,14455.0,2013
908,전남,신안군,1482.0,534.0,948.0,2013
909,전남,여수시,16363.0,2990.0,13373.0,2013
910,전남,영광군,3143.0,893.0,2250.0,2013
911,전남,영암군,4453.0,1658.0,2795.0,2013
912,전남,완도군,2415.0,747.0,1668.0,2013
913,전남,장성군,3018.0,1027.0,1991.0,2013
914,전남,장흥군,2022.0,698.0,1324.0,2013
915,전남,진도군,1428.0,479.0,949.0,2013
916,전남,함평군,2099.0,671.0,1428.0,2013
917,전남,해남군,3837.0,1293.0,2544.0,2013
918,전남,화순군,3677.0,1123.0,2554.0,2013
919,대구,소계,168167.0,21788.0,146379.0,2013
920,대구,남구,8792.0,1189.0,7603.0,2013
921,대구,달서구,37272.0,4839.0,32433.0,2013
922,대구,달성군,13582.0,1954.0,11628.0,2013
923,대구,동구,19444.0,2668.0,16776.0,2013
924,대구,북구,35444.0,3841.0,31603.0,2013
925,대구,서구,14932.0,1842.0,13090.0,2013
926,대구,수성구,19926.0,3146.0,16780.0,2013
927,대구,중구,18775.0,2309.0,16466.0,2013
928,경북,소계,165492.0,29737.0,135755.0,2013
929,경북,경산시,16153.0,2667.0,13486.0,2013
930,경북,경주시,18102.0,3397.0,14705.0,2013
931,경북,고령군,3313.0,742.0,2571.0,2013
932,경북,구미시,26742.0,4064.0,22678.0,2013
933,경북,군위군,1258.0,376.0,882.0,2013
934,경북,김천시,6630.0,1224.0,5406.0,2013
935,경북,문경시,3773.0,696.0,3077.0,2013
936,경북,봉화군,1211.0,407.0,804.0,2013
937,경북,상주시,5666.0,961.0,4705.0,2013
938,경북,성주군,4100.0,945.0,3155.0,2013
939,경북,안동시,10178.0,1635.0,8543.0,2013
940,경북,영덕군,2148.0,491.0,1657.0,2013
941,경북,영양군,616.0,210.0,406.0,2013
942,경북,영주시,6349.0,923.0,5426.0,2013
943,경북,영천시,7712.0,1567.0,6145.0,2013
944,경북,예천군,1671.0,442.0,1229.0,2013
945,경북,울릉군,541.0,144.0,397.0,2013
946,경북,울진군,2518.0,557.0,1961.0,2013
947,경북,의성군,2679.0,626.0,2053.0,2013
948,경북,청도군,1884.0,552.0,1332.0,2013
949,경북,청송군,1186.0,371.0,815.0,2013
950,경북,칠곡군,9823.0,1788.0,8035.0,2013
951,경북,포항시,31239.0,4952.0,26287.0,2013
952,부산,소계,250441.0,37877.0,212564.0,2013
953,부산,강서구,17612.0,3544.0,14068.0,2013
954,부산,금정구,16746.0,2251.0,14495.0,2013
955,부산,기장군,8147.0,1478.0,6669.0,2013
956,부산,남구,15014.0,1910.0,13104.0,2013
957,부산,동구,11359.0,2182.0,9177.0,2013
958,부산,동래구,16292.0,2197.0,14095.0,2013
959,부산,부산진구,29732.0,3922.0,25810.0,2013
960,부산,북구,10987.0,1077.0,9910.0,2013
961,부산,사상구,28497.0,3909.0,24588.0,2013
962,부산,사하구,16964.0,2451.0,14513.0,2013
963,부산,서구,6133.0,1302.0,4831.0,2013
964,부산,수영구,10504.0,1370.0,9134.0,2013
965,부산,연제구,14151.0,2296.0,11855.0,2013
966,부산,영도구,6139.0,890.0,5249.0,2013
967,부산,중구,14236.0,2818.0,11418.0,2013
968,부산,해운대구,27928.0,4280.0,23648.0,2013
969,울산,소계,67919.0,10573.0,57346.0,2013
970,울산,남구,27697.0,4253.0,23444.0,2013
971,울산,동구,5736.0,700.0,5036.0,2013
972,울산,북구,9806.0,1489.0,8317.0,2013
973,울산,울주군,14145.0,2991.0,11154.0,2013
974,울산,중구,10535.0,1140.0,9395.0,2013
975,경남,소계,216335.0,34642.0,181693.0,2013
976,경남,거제시,11880.0,1584.0,10296.0,2013
977,경남,거창군,3555.0,715.0,2840.0,2013
978,경남,고성군,3064.0,680.0,2384.0,2013
979,경남,김해시,43153.0,7111.0,36042.0,2013
980,경남,남해군,1953.0,387.0,1566.0,2013
981,경남,밀양시,6963.0,1209.0,5754.0,2013
982,경남,사천시,6396.0,1140.0,5256.0,2013
983,경남,산청군,2172.0,605.0,1567.0,2013
984,경남,양산시,22779.0,3131.0,19648.0,2013
985,경남,의령군,1734.0,431.0,1303.0,2013
986,경남,진주시,20461.0,2730.0,17731.0,2013
987,경남,창녕군,3241.0,862.0,2379.0,2013
988,경남,창원시,67753.0,9925.0,57828.0,2013
989,경남,통영시,7101.0,875.0,6226.0,2013
990,경남,하동군,2650.0,604.0,2046.0,2013
991,경남,함안군,7230.0,1565.0,5665.0,2013
992,경남,함양군,1958.0,555.0,1403.0,2013
993,경남,합천군,2292.0,533.0,1759.0,2013
994,제주,소계,39227.0,8672.0,30555.0,2013
995,제주,제주시,29961.0,6734.0,23227.0,2013
996,제주,서귀포시,9266.0,1938.0,7328.0,2013
997,지역별,소계,4037459.0,733451.0,3304008.0,2014
998,서울,소계,1020084.0,219009.0,801075.0,2014
999,서울,강남구,118925.0,42158.0,76767.0,2014
1000,서울,강동구,28922.0,4319.0,24603.0,2014
1001,서울,강북구,15960.0,1555.0,14405.0,2014
1002,서울,강서구,42347.0,6870.0,35477.0,2014
1003,서울,관악구,28449.0,3629.0,24820.0,2014
1004,서울,광진구,26654.0,4679.0,21975.0,2014
1005,서울,구로구,48495.0,10843.0,37652.0,2014
1006,서울,금천구,34078.0,11336.0,22742.0,2014
1007,서울,노원구,22715.0,2777.0,19938.0,2014
1008,서울,도봉구,14505.0,1709.0,12796.0,2014
1009,서울,동대문구,34687.0,4680.0,30007.0,2014
1010,서울,동작구,18708.0,2962.0,15746.0,2014
1011,서울,마포구,50264.0,12733.0,37531.0,2014
1012,서울,서대문구,21726.0,3038.0,18688.0,2014
1013,서울,서초구,79361.0,23994.0,55367.0,2014
1014,서울,성동구,28184.0,6993.0,21191.0,2014
1015,서울,성북구,22506.0,2927.0,19579.0,2014
1016,서울,송파구,59808.0,14161.0,45647.0,2014
1017,서울,양천구,27025.0,3967.0,23058.0,2014
1018,서울,영등포구,72525.0,19001.0,53524.0,2014
1019,서울,용산구,32585.0,7355.0,25230.0,2014
1020,서울,은평구,24475.0,2546.0,21929.0,2014
1021,서울,종로구,52296.0,9389.0,42907.0,2014
1022,서울,중구,91948.0,13099.0,78849.0,2014
1023,서울,중랑구,22936.0,2289.0,20647.0,2014
1024,인천,소계,212802.0,31349.0,181453.0,2014
1025,인천,강화군,4095.0,720.0,3375.0,2014
1026,인천,계양구,19284.0,2453.0,16831.0,2014
1027,인천,남동구,42958.0,7010.0,35948.0,2014
1028,인천,동구,9718.0,1450.0,8268.0,2014
1029,인천,미추홀구,28357.0,3423.0,24934.0,2014
1030,인천,부평구,31689.0,4119.0,27570.0,2014
1031,인천,서구,38022.0,5949.0,32073.0,2014
1032,인천,연수구,20723.0,3229.0,17494.0,2014
1033,인천,옹진군,1143.0,233.0,910.0,2014
1034,인천,중구,16813.0,2763.0,14050.0,2014
1035,경기,소계,1029637.0,170234.0,859403.0,2014
1036,경기,가평군,4209.0,839.0,3370.0,2014
1037,경기,고양시,81581.0,13002.0,68579.0,2014
1038,경기,과천시,4278.0,899.0,3379.0,2014
1039,경기,광명시,19598.0,2554.0,17044.0,2014
1040,경기,광주시,30973.0,6022.0,24951.0,2014
1041,경기,구리시,13557.0,2271.0,11286.0,2014
1042,경기,군포시,19602.0,3261.0,16341.0,2014
1043,경기,김포시,34466.0,6724.0,27742.0,2014
1044,경기,남양주시,42855.0,5712.0,37143.0,2014
1045,경기,동두천시,5288.0,651.0,4637.0,2014
1046,경기,부천시,72936.0,9133.0,63803.0,2014
1047,경기,성남시,82187.0,17360.0,64827.0,2014
1048,경기,수원시,81251.0,10638.0,70613.0,2014
1049,경기,시흥시,51006.0,7684.0,43322.0,2014
1050,경기,안산시,64445.0,11039.0,53406.0,2014
1051,경기,안성시,15758.0,3303.0,12455.0,2014
1052,경기,안양시,52290.0,9586.0,42704.0,2014
1053,경기,양주시,17236.0,2764.0,14472.0,2014
1054,경기,양평군,6478.0,1239.0,5239.0,2014
1055,경기,여주시,11802.0,1720.0,10082.0,2014
1056,경기,연천군,6301.0,636.0,5665.0,2014
1057,경기,오산시,12990.0,1771.0,11219.0,2014
1058,경기,용인시,65201.0,11447.0,53754.0,2014
1059,경기,의왕시,9443.0,1708.0,7735.0,2014
1060,경기,의정부시,24823.0,2623.0,22200.0,2014
1061,경기,이천시,17278.0,2967.0,14311.0,2014
1062,경기,파주시,33994.0,6188.0,27806.0,2014
1063,경기,평택시,36568.0,6341.0,30227.0,2014
1064,경기,포천시,21279.0,3404.0,17875.0,2014
1065,경기,하남시,17377.0,3038.0,14339.0,2014
1066,경기,화성시,72587.0,13710.0,58877.0,2014
1067,강원,소계,99498.0,17929.0,81569.0,2014
1068,강원,강릉시,14116.0,2404.0,11712.0,2014
1069,강원,고성군,1641.0,403.0,1238.0,2014
1070,강원,동해시,6118.0,890.0,5228.0,2014
1071,강원,삼척시,3847.0,804.0,3043.0,2014
1072,강원,속초시,5539.0,663.0,4876.0,2014
1073,강원,양구군,1215.0,309.0,906.0,2014
1074,강원,양양군,1848.0,366.0,1482.0,2014
1075,강원,영월군,2538.0,617.0,1921.0,2014
1076,강원,원주시,22851.0,3757.0,19094.0,2014
1077,강원,인제군,1980.0,474.0,1506.0,2014
1078,강원,정선군,2530.0,651.0,1879.0,2014
1079,강원,철원군,2170.0,448.0,1722.0,2014
1080,강원,춘천시,18185.0,2912.0,15273.0,2014
1081,강원,태백시,2562.0,475.0,2087.0,2014
1082,강원,평창군,3622.0,858.0,2764.0,2014
1083,강원,홍천군,4561.0,847.0,3714.0,2014
1084,강원,화천군,1186.0,317.0,869.0,2014
1085,강원,횡성군,2989.0,734.0,2255.0,2014
1086,대전,소계,103891.0,16758.0,87133.0,2014
1087,대전,대덕구,17820.0,2817.0,15003.0,2014
1088,대전,동구,13845.0,1766.0,12079.0,2014
1089,대전,서구,31265.0,4795.0,26470.0,2014
1090,대전,유성구,22754.0,4956.0,17798.0,2014
1091,대전,중구,18207.0,2424.0,15783.0,2014
1092,충북,소계,108845.0,21069.0,87776.0,2014
1093,충북,괴산군,2132.0,699.0,1433.0,2014
1094,충북,단양군,1972.0,462.0,1510.0,2014
1095,충북,보은군,2146.0,516.0,1630.0,2014
1096,충북,영동군,2195.0,591.0,1604.0,2014
1097,충북,옥천군,3971.0,828.0,3143.0,2014
1098,충북,음성군,8639.0,2510.0,6129.0,2014
1099,충북,제천시,9609.0,1612.0,7997.0,2014
1100,충북,증평군,2281.0,332.0,1949.0,2014
1101,충북,진천군,6300.0,1492.0,4808.0,2014
1102,충북,청원군,,,,2014
1103,충북,청주시,55815.0,9677.0,46138.0,2014
1104,충북,충주시,13785.0,2350.0,11435.0,2014
1105,충남,소계,142272.0,27447.0,114825.0,2014
1106,충남,계룡시,1634.0,293.0,1341.0,2014
1107,충남,공주시,7671.0,1510.0,6161.0,2014
1108,충남,금산군,4556.0,1133.0,3423.0,2014
1109,충남,논산시,7996.0,1626.0,6370.0,2014
1110,충남,당진시,12716.0,2638.0,10078.0,2014
1111,충남,보령시,6683.0,1436.0,5247.0,2014
1112,충남,부여군,3883.0,993.0,2890.0,2014
1113,충남,서산시,10432.0,1665.0,8767.0,2014
1114,충남,서천군,3264.0,717.0,2547.0,2014
1115,충남,아산시,20405.0,4040.0,16365.0,2014
1116,충남,연기군,,,,2014
1117,충남,예산군,5400.0,1060.0,4340.0,2014
1118,충남,천안시,45516.0,7863.0,37653.0,2014
1119,충남,청양군,1909.0,468.0,1441.0,2014
1120,충남,태안군,4106.0,887.0,3219.0,2014
1121,충남,홍성군,6101.0,1118.0,4983.0,2014
1122,충남,당진군,,,,2014
1123,세종,세종,14668.0,2719.0,11949.0,2014
1124,광주,소계,101326.0,20154.0,81172.0,2014
1125,광주,광산구,29094.0,5684.0,23410.0,2014
1126,광주,남구,8906.0,1718.0,7188.0,2014
1127,광주,동구,10999.0,2180.0,8819.0,2014
1128,광주,북구,27229.0,5511.0,21718.0,2014
1129,광주,서구,25098.0,5061.0,20037.0,2014
1130,전북,소계,121897.0,24166.0,97731.0,2014
1131,전북,고창군,3120.0,886.0,2234.0,2014
1132,전북,군산시,18933.0,3603.0,15330.0,2014
1133,전북,김제시,6012.0,1611.0,4401.0,2014
1134,전북,남원시,5750.0,1154.0,4596.0,2014
1135,전북,무주군,1717.0,431.0,1286.0,2014
1136,전북,부안군,3174.0,768.0,2406.0,2014
1137,전북,순창군,1581.0,477.0,1104.0,2014
1138,전북,완주군,6902.0,1547.0,5355.0,2014
1139,전북,익산시,18918.0,3542.0,15376.0,2014
1140,전북,임실군,1862.0,509.0,1353.0,2014
1141,전북,장수군,1111.0,302.0,809.0,2014
1142,전북,전주시,43809.0,7361.0,36448.0,2014
1143,전북,정읍시,7601.0,1519.0,6082.0,2014
1144,전북,진안군,1407.0,456.0,951.0,2014
1145,전남,소계,120985.0,28322.0,92663.0,2014
1146,전남,강진군,2744.0,595.0,2149.0,2014
1147,전남,고흥군,3411.0,1150.0,2261.0,2014
1148,전남,곡성군,1954.0,588.0,1366.0,2014
1149,전남,광양시,10536.0,2269.0,8267.0,2014
1150,전남,구례군,1410.0,416.0,994.0,2014
1151,전남,나주시,8316.0,2062.0,6254.0,2014
1152,전남,담양군,4170.0,1180.0,2990.0,2014
1153,전남,목포시,15859.0,2316.0,13543.0,2014
1154,전남,무안군,4989.0,1221.0,3768.0,2014
1155,전남,보성군,2570.0,685.0,1885.0,2014
1156,전남,순천시,17980.0,2841.0,15139.0,2014
1157,전남,신안군,1573.0,562.0,1011.0,2014
1158,전남,여수시,17030.0,3177.0,13853.0,2014
1159,전남,영광군,3339.0,970.0,2369.0,2014
1160,전남,영암군,4891.0,1880.0,3011.0,2014
1161,전남,완도군,2667.0,802.0,1865.0,2014
1162,전남,장성군,3356.0,1129.0,2227.0,2014
1163,전남,장흥군,2177.0,726.0,1451.0,2014
1164,전남,진도군,1531.0,500.0,1031.0,2014
1165,전남,함평군,2288.0,739.0,1549.0,2014
1166,전남,해남군,4217.0,1284.0,2933.0,2014
1167,전남,화순군,3977.0,1230.0,2747.0,2014
1168,대구,소계,177578.0,23456.0,154122.0,2014
1169,대구,남구,9329.0,1284.0,8045.0,2014
1170,대구,달서구,38861.0,5129.0,33732.0,2014
1171,대구,달성군,15071.0,2174.0,12897.0,2014
1172,대구,동구,22112.0,3012.0,19100.0,2014
1173,대구,북구,36714.0,4073.0,32641.0,2014
1174,대구,서구,15230.0,1919.0,13311.0,2014
1175,대구,수성구,20969.0,3471.0,17498.0,2014
1176,대구,중구,19292.0,2394.0,16898.0,2014
1177,경북,소계,175834.0,31823.0,144011.0,2014
1178,경북,경산시,17225.0,2860.0,14365.0,2014
1179,경북,경주시,19170.0,3648.0,15522.0,2014
1180,경북,고령군,3567.0,797.0,2770.0,2014
1181,경북,구미시,28206.0,4414.0,23792.0,2014
1182,경북,군위군,1393.0,415.0,978.0,2014
1183,경북,김천시,7905.0,1338.0,6567.0,2014
1184,경북,문경시,3907.0,717.0,3190.0,2014
1185,경북,봉화군,1315.0,443.0,872.0,2014
1186,경북,상주시,6054.0,1039.0,5015.0,2014
1187,경북,성주군,4535.0,1033.0,3502.0,2014
1188,경북,안동시,10519.0,1740.0,8779.0,2014
1189,경북,영덕군,2207.0,504.0,1703.0,2014
1190,경북,영양군,687.0,226.0,461.0,2014
1191,경북,영주시,6671.0,966.0,5705.0,2014
1192,경북,영천시,8167.0,1711.0,6456.0,2014
1193,경북,예천군,1758.0,467.0,1291.0,2014
1194,경북,울릉군,570.0,155.0,415.0,2014
1195,경북,울진군,2598.0,582.0,2016.0,2014
1196,경북,의성군,2830.0,670.0,2160.0,2014
1197,경북,청도군,2064.0,601.0,1463.0,2014
1198,경북,청송군,1290.0,398.0,892.0,2014
1199,경북,칠곡군,10709.0,1944.0,8765.0,2014
1200,경북,포항시,32487.0,5155.0,27332.0,2014
1201,부산,소계,260817.0,40784.0,220033.0,2014
1202,부산,강서구,19508.0,4037.0,15471.0,2014
1203,부산,금정구,17144.0,2403.0,14741.0,2014
1204,부산,기장군,9898.0,1890.0,8008.0,2014
1205,부산,남구,15673.0,2110.0,13563.0,2014
1206,부산,동구,11698.0,2259.0,9439.0,2014
1207,부산,동래구,16770.0,2317.0,14453.0,2014
1208,부산,부산진구,30419.0,4134.0,26285.0,2014
1209,부산,북구,11529.0,1129.0,10400.0,2014
1210,부산,사상구,28920.0,4097.0,24823.0,2014
1211,부산,사하구,17462.0,2556.0,14906.0,2014
1212,부산,서구,6259.0,1345.0,4914.0,2014
1213,부산,수영구,11079.0,1511.0,9568.0,2014
1214,부산,연제구,14597.0,2387.0,12210.0,2014
1215,부산,영도구,6302.0,944.0,5358.0,2014
1216,부산,중구,14398.0,2903.0,11495.0,2014
1217,부산,해운대구,29161.0,4762.0,24399.0,2014
1218,울산,소계,72630.0,11246.0,61384.0,2014
1219,울산,남구,28969.0,4395.0,24574.0,2014
1220,울산,동구,6481.0,763.0,5718.0,2014
1221,울산,북구,10558.0,1560.0,8998.0,2014
1222,울산,울주군,15282.0,3295.0,11987.0,2014
1223,울산,중구,11340.0,1233.0,10107.0,2014
1224,경남,소계,228428.0,37076.0,191352.0,2014
1225,경남,거제시,13530.0,1818.0,11712.0,2014
1226,경남,거창군,3728.0,773.0,2955.0,2014
1227,경남,고성군,3246.0,710.0,2536.0,2014
1228,경남,김해시,44961.0,7472.0,37489.0,2014
1229,경남,남해군,2045.0,409.0,1636.0,2014
1230,경남,밀양시,7326.0,1277.0,6049.0,2014
1231,경남,사천시,6699.0,1224.0,5475.0,2014
1232,경남,산청군,2291.0,639.0,1652.0,2014
1233,경남,양산시,24533.0,3430.0,21103.0,2014
1234,경남,의령군,1823.0,460.0,1363.0,2014
1235,경남,진주시,21808.0,2966.0,18842.0,2014
1236,경남,창녕군,3455.0,961.0,2494.0,2014
1237,경남,창원시,70558.0,10499.0,60059.0,2014
1238,경남,통영시,7479.0,964.0,6515.0,2014
1239,경남,하동군,2813.0,641.0,2172.0,2014
1240,경남,함안군,7661.0,1697.0,5964.0,2014
1241,경남,함양군,2031.0,572.0,1459.0,2014
1242,경남,합천군,2441.0,564.0,1877.0,2014
1243,제주,소계,46267.0,9910.0,36357.0,2014
1244,제주,제주시,34798.0,7757.0,27041.0,2014
1245,제주,서귀포시,11469.0,2153.0,9316.0,2014
1246,지역별,소계,4316156.0,798255.0,3517901.0,2015
1247,서울,소계,1070845.0,237312.0,833533.0,2015
1248,서울,강남구,123759.0,46006.0,77753.0,2015
1249,서울,강동구,29812.0,4714.0,25098.0,2015
1250,서울,강북구,16584.0,1715.0,14869.0,2015
1251,서울,강서구,48051.0,7399.0,40652.0,2015
1252,서울,관악구,28968.0,3806.0,25162.0,2015
1253,서울,광진구,28416.0,5057.0,23359.0,2015
1254,서울,구로구,50106.0,11566.0,38540.0,2015
1255,서울,금천구,36796.0,12217.0,24579.0,2015
1256,서울,노원구,23961.0,3003.0,20958.0,2015
1257,서울,도봉구,15182.0,1858.0,13324.0,2015
1258,서울,동대문구,35841.0,4989.0,30852.0,2015
1259,서울,동작구,19636.0,3204.0,16432.0,2015
1260,서울,마포구,54487.0,14087.0,40400.0,2015
1261,서울,서대문구,22757.0,3287.0,19470.0,2015
1262,서울,서초구,82017.0,25504.0,56513.0,2015
1263,서울,성동구,30214.0,7705.0,22509.0,2015
1264,서울,성북구,23365.0,3180.0,20185.0,2015
1265,서울,송파구,65892.0,15407.0,50485.0,2015
1266,서울,양천구,27762.0,4281.0,23481.0,2015
1267,서울,영등포구,75633.0,21489.0,54144.0,2015
1268,서울,용산구,33535.0,7805.0,25730.0,2015
1269,서울,은평구,26894.0,2841.0,24053.0,2015
1270,서울,종로구,53791.0,9939.0,43852.0,2015
1271,서울,중구,92917.0,13774.0,79143.0,2015
1272,서울,중랑구,24469.0,2479.0,21990.0,2015
1273,인천,소계,226858.0,33925.0,192933.0,2015
1274,인천,강화군,4381.0,785.0,3596.0,2015
1275,인천,계양구,20566.0,2787.0,17779.0,2015
1276,인천,남동구,45343.0,7410.0,37933.0,2015
1277,인천,동구,9847.0,1490.0,8357.0,2015
1278,인천,미추홀구,29285.0,3559.0,25726.0,2015
1279,인천,부평구,33198.0,4394.0,28804.0,2015
1280,인천,서구,41210.0,6518.0,34692.0,2015
1281,인천,연수구,23001.0,3705.0,19296.0,2015
1282,인천,옹진군,1176.0,253.0,923.0,2015
1283,인천,중구,18851.0,3024.0,15827.0,2015
1284,경기,소계,1110203.0,186133.0,924070.0,2015
1285,경기,가평군,4541.0,900.0,3641.0,2015
1286,경기,고양시,87281.0,13983.0,73298.0,2015
1287,경기,과천시,4450.0,987.0,3463.0,2015
1288,경기,광명시,21957.0,2780.0,19177.0,2015
1289,경기,광주시,33295.0,6563.0,26732.0,2015
1290,경기,구리시,14526.0,2406.0,12120.0,2015
1291,경기,군포시,20780.0,3466.0,17314.0,2015
1292,경기,김포시,38645.0,7706.0,30939.0,2015
1293,경기,남양주시,47249.0,6500.0,40749.0,2015
1294,경기,동두천시,5528.0,722.0,4806.0,2015
1295,경기,부천시,74938.0,9802.0,65136.0,2015
1296,경기,성남시,88426.0,18943.0,69483.0,2015
1297,경기,수원시,88041.0,11716.0,76325.0,2015
1298,경기,시흥시,54509.0,8305.0,46204.0,2015
1299,경기,안산시,67972.0,11780.0,56192.0,2015
1300,경기,안성시,16724.0,3516.0,13208.0,2015
1301,경기,안양시,54419.0,10237.0,44182.0,2015
1302,경기,양주시,18378.0,3127.0,15251.0,2015
1303,경기,양평군,7155.0,1370.0,5785.0,2015
1304,경기,여주시,12548.0,1835.0,10713.0,2015
1305,경기,연천군,6576.0,687.0,5889.0,2015
1306,경기,오산시,13734.0,1840.0,11894.0,2015
1307,경기,용인시,71318.0,12884.0,58434.0,2015
1308,경기,의왕시,10237.0,1986.0,8251.0,2015
1309,경기,의정부시,26907.0,2926.0,23981.0,2015
1310,경기,이천시,18370.0,3142.0,15228.0,2015
1311,경기,파주시,36831.0,6907.0,29924.0,2015
1312,경기,평택시,41477.0,6991.0,34486.0,2015
1313,경기,포천시,22132.0,3506.0,18626.0,2015
1314,경기,하남시,20137.0,3315.0,16822.0,2015
1315,경기,화성시,81122.0,15305.0,65817.0,2015
1316,강원,소계,107123.0,19250.0,87873.0,2015
1317,강원,강릉시,14802.0,2511.0,12291.0,2015
1318,강원,고성군,1753.0,458.0,1295.0,2015
1319,강원,동해시,6436.0,952.0,5484.0,2015
1320,강원,삼척시,3998.0,852.0,3146.0,2015
1321,강원,속초시,6021.0,722.0,5299.0,2015
1322,강원,양구군,1360.0,332.0,1028.0,2015
1323,강원,양양군,1971.0,394.0,1577.0,2015
1324,강원,영월군,2664.0,634.0,2030.0,2015
1325,강원,원주시,25341.0,4182.0,21159.0,2015
1326,강원,인제군,2120.0,517.0,1603.0,2015
1327,강원,정선군,2846.0,642.0,2204.0,2015
1328,강원,철원군,2306.0,486.0,1820.0,2015
1329,강원,춘천시,19681.0,3160.0,16521.0,2015
1330,강원,태백시,2851.0,507.0,2344.0,2015
1331,강원,평창군,3779.0,866.0,2913.0,2015
1332,강원,홍천군,4761.0,921.0,3840.0,2015
1333,강원,화천군,1309.0,341.0,968.0,2015
1334,강원,횡성군,3124.0,773.0,2351.0,2015
1335,대전,소계,109815.0,18224.0,91591.0,2015
1336,대전,대덕구,18525.0,2958.0,15567.0,2015
1337,대전,동구,14257.0,1855.0,12402.0,2015
1338,대전,서구,33271.0,5229.0,28042.0,2015
1339,대전,유성구,24986.0,5639.0,19347.0,2015
1340,대전,중구,18776.0,2543.0,16233.0,2015
1341,충북,소계,118105.0,23049.0,95056.0,2015
1342,충북,괴산군,2436.0,778.0,1658.0,2015
1343,충북,단양군,2110.0,506.0,1604.0,2015
1344,충북,보은군,2323.0,553.0,1770.0,2015
1345,충북,영동군,2321.0,621.0,1700.0,2015
1346,충북,옥천군,4211.0,895.0,3316.0,2015
1347,충북,음성군,9782.0,2785.0,6997.0,2015
1348,충북,제천시,10136.0,1752.0,8384.0,2015
1349,충북,증평군,2418.0,357.0,2061.0,2015
1350,충북,진천군,6926.0,1614.0,5312.0,2015
1351,충북,청원군,,,,2015
1352,충북,청주시,60745.0,10613.0,50132.0,2015
1353,충북,충주시,14697.0,2575.0,12122.0,2015
1354,충남,소계,153929.0,29833.0,124096.0,2015
1355,충남,계룡시,1790.0,336.0,1454.0,2015
1356,충남,공주시,8204.0,1653.0,6551.0,2015
1357,충남,금산군,4892.0,1261.0,3631.0,2015
1358,충남,논산시,8510.0,1726.0,6784.0,2015
1359,충남,당진시,13763.0,2868.0,10895.0,2015
1360,충남,보령시,7131.0,1460.0,5671.0,2015
1361,충남,부여군,4074.0,1024.0,3050.0,2015
1362,충남,서산시,11194.0,1882.0,9312.0,2015
1363,충남,서천군,3581.0,766.0,2815.0,2015
1364,충남,아산시,22363.0,4449.0,17914.0,2015
1365,충남,연기군,,,,2015
1366,충남,예산군,5778.0,1167.0,4611.0,2015
1367,충남,천안시,49416.0,8516.0,40900.0,2015
1368,충남,청양군,2111.0,518.0,1593.0,2015
1369,충남,태안군,4360.0,975.0,3385.0,2015
1370,충남,홍성군,6762.0,1232.0,5530.0,2015
1371,충남,당진군,,,,2015
1372,세종,세종,19976.0,3112.0,16864.0,2015
1373,광주,소계,107429.0,22271.0,85158.0,2015
1374,광주,광산구,30673.0,6309.0,24364.0,2015
1375,광주,남구,9751.0,1894.0,7857.0,2015
1376,광주,동구,11422.0,2363.0,9059.0,2015
1377,광주,북구,28443.0,6044.0,22399.0,2015
1378,광주,서구,27140.0,5661.0,21479.0,2015
1379,전북,소계,129909.0,26425.0,103484.0,2015
1380,전북,고창군,3307.0,941.0,2366.0,2015
1381,전북,군산시,19962.0,3917.0,16045.0,2015
1382,전북,김제시,6304.0,1701.0,4603.0,2015
1383,전북,남원시,6024.0,1229.0,4795.0,2015
1384,전북,무주군,1811.0,468.0,1343.0,2015
1385,전북,부안군,3345.0,828.0,2517.0,2015
1386,전북,순창군,1690.0,534.0,1156.0,2015
1387,전북,완주군,7713.0,1730.0,5983.0,2015
1388,전북,익산시,20215.0,3858.0,16357.0,2015
1389,전북,임실군,1944.0,554.0,1390.0,2015
1390,전북,장수군,1190.0,323.0,867.0,2015
1391,전북,전주시,46942.0,8194.0,38748.0,2015
1392,전북,정읍시,7934.0,1630.0,6304.0,2015
1393,전북,진안군,1528.0,518.0,1010.0,2015
1394,전남,소계,129150.0,30571.0,98579.0,2015
1395,전남,강진군,2820.0,658.0,2162.0,2015
1396,전남,고흥군,3492.0,1149.0,2343.0,2015
1397,전남,곡성군,2036.0,615.0,1421.0,2015
1398,전남,광양시,11117.0,2422.0,8695.0,2015
1399,전남,구례군,1453.0,440.0,1013.0,2015
1400,전남,나주시,10360.0,2389.0,7971.0,2015
1401,전남,담양군,4534.0,1312.0,3222.0,2015
1402,전남,목포시,16776.0,2564.0,14212.0,2015
1403,전남,무안군,5384.0,1365.0,4019.0,2015
1404,전남,보성군,2666.0,715.0,1951.0,2015
1405,전남,순천시,18824.0,3052.0,15772.0,2015
1406,전남,신안군,1615.0,582.0,1033.0,2015
1407,전남,여수시,18034.0,3401.0,14633.0,2015
1408,전남,영광군,3490.0,1034.0,2456.0,2015
1409,전남,영암군,5179.0,2019.0,3160.0,2015
1410,전남,완도군,2876.0,885.0,1991.0,2015
1411,전남,장성군,3593.0,1218.0,2375.0,2015
1412,전남,장흥군,2263.0,776.0,1487.0,2015
1413,전남,진도군,1647.0,543.0,1104.0,2015
1414,전남,함평군,2270.0,785.0,1485.0,2015
1415,전남,해남군,4515.0,1375.0,3140.0,2015
1416,전남,화순군,4206.0,1272.0,2934.0,2015
1417,대구,소계,188626.0,25647.0,162979.0,2015
1418,대구,남구,9712.0,1431.0,8281.0,2015
1419,대구,달서구,40955.0,5583.0,35372.0,2015
1420,대구,달성군,16953.0,2449.0,14504.0,2015
1421,대구,동구,24079.0,3388.0,20691.0,2015
1422,대구,북구,38779.0,4394.0,34385.0,2015
1423,대구,서구,15794.0,2002.0,13792.0,2015
1424,대구,수성구,22531.0,3844.0,18687.0,2015
1425,대구,중구,19823.0,2556.0,17267.0,2015
1426,경북,소계,188791.0,34570.0,154221.0,2015
1427,경북,경산시,18606.0,3133.0,15473.0,2015
1428,경북,경주시,20204.0,3931.0,16273.0,2015
1429,경북,고령군,3808.0,836.0,2972.0,2015
1430,경북,구미시,30097.0,4905.0,25192.0,2015
1431,경북,군위군,1569.0,452.0,1117.0,2015
1432,경북,김천시,9137.0,1516.0,7621.0,2015
1433,경북,문경시,4096.0,743.0,3353.0,2015
1434,경북,봉화군,1385.0,470.0,915.0,2015
1435,경북,상주시,6488.0,1090.0,5398.0,2015
1436,경북,성주군,4879.0,1153.0,3726.0,2015
1437,경북,안동시,11598.0,1926.0,9672.0,2015
1438,경북,영덕군,2371.0,538.0,1833.0,2015
1439,경북,영양군,744.0,245.0,499.0,2015
1440,경북,영주시,7061.0,1031.0,6030.0,2015
1441,경북,영천시,8703.0,1870.0,6833.0,2015
1442,경북,예천군,2049.0,498.0,1551.0,2015
1443,경북,울릉군,611.0,169.0,442.0,2015
1444,경북,울진군,2765.0,625.0,2140.0,2015
1445,경북,의성군,2985.0,707.0,2278.0,2015
1446,경북,청도군,2252.0,630.0,1622.0,2015
1447,경북,청송군,1348.0,419.0,929.0,2015
1448,경북,칠곡군,11600.0,2133.0,9467.0,2015
1449,경북,포항시,34435.0,5550.0,28885.0,2015
1450,부산,소계,275951.0,44147.0,231804.0,2015
1451,부산,강서구,21795.0,4619.0,17176.0,2015
1452,부산,금정구,17713.0,2568.0,15145.0,2015
1453,부산,기장군,11463.0,2121.0,9342.0,2015
1454,부산,남구,16949.0,2279.0,14670.0,2015
1455,부산,동구,12292.0,2375.0,9917.0,2015
1456,부산,동래구,17603.0,2453.0,15150.0,2015
1457,부산,부산진구,31711.0,4453.0,27258.0,2015
1458,부산,북구,12146.0,1275.0,10871.0,2015
1459,부산,사상구,29694.0,4288.0,25406.0,2015
1460,부산,사하구,18112.0,2735.0,15377.0,2015
1461,부산,서구,6567.0,1413.0,5154.0,2015
1462,부산,수영구,11661.0,1631.0,10030.0,2015
1463,부산,연제구,15417.0,2576.0,12841.0,2015
1464,부산,영도구,6838.0,1033.0,5805.0,2015
1465,부산,중구,14516.0,2955.0,11561.0,2015
1466,부산,해운대구,31474.0,5373.0,26101.0,2015
1467,울산,소계,77860.0,12363.0,65497.0,2015
1468,울산,남구,30228.0,4760.0,25468.0,2015
1469,울산,동구,7061.0,839.0,6222.0,2015
1470,울산,북구,11577.0,1728.0,9849.0,2015
1471,울산,울주군,16656.0,3644.0,13012.0,2015
1472,울산,중구,12338.0,1392.0,10946.0,2015
1473,경남,소계,247148.0,40235.0,206913.0,2015
1474,경남,거제시,15697.0,2029.0,13668.0,2015
1475,경남,거창군,3944.0,829.0,3115.0,2015
1476,경남,고성군,3575.0,796.0,2779.0,2015
1477,경남,김해시,47606.0,8068.0,39538.0,2015
1478,경남,남해군,2100.0,429.0,1671.0,2015
1479,경남,밀양시,7738.0,1371.0,6367.0,2015
1480,경남,사천시,7010.0,1318.0,5692.0,2015
1481,경남,산청군,2432.0,679.0,1753.0,2015
1482,경남,양산시,28194.0,3767.0,24427.0,2015
1483,경남,의령군,1773.0,497.0,1276.0,2015
1484,경남,진주시,24022.0,3284.0,20738.0,2015
1485,경남,창녕군,3646.0,1009.0,2637.0,2015
1486,경남,창원시,75532.0,11381.0,64151.0,2015
1487,경남,통영시,8050.0,1048.0,7002.0,2015
1488,경남,하동군,2899.0,677.0,2222.0,2015
1489,경남,함안군,8222.0,1869.0,6353.0,2015
1490,경남,함양군,2091.0,578.0,1513.0,2015
1491,경남,합천군,2617.0,606.0,2011.0,2015
1492,제주,소계,54438.0,11188.0,43250.0,2015
1493,제주,제주시,39836.0,8783.0,31053.0,2015
1494,제주,서귀포시,14602.0,2405.0,12197.0,2015
1495,지역별,소계,4534437.0,835906.0,3698531.0,2016
1496,서울,소계,1091284.0,246233.0,845051.0,2016
1497,서울,강남구,124569.0,47113.0,77456.0,2016
1498,서울,강동구,30402.0,4903.0,25499.0,2016
1499,서울,강북구,17075.0,1825.0,15250.0,2016
1500,서울,강서구,48420.0,7800.0,40620.0,2016
1501,서울,관악구,29629.0,3892.0,25737.0,2016
1502,서울,광진구,29085.0,5292.0,23793.0,2016
1503,서울,구로구,50966.0,12103.0,38863.0,2016
1504,서울,금천구,38934.0,12694.0,26240.0,2016
1505,서울,노원구,24813.0,3219.0,21594.0,2016
1506,서울,도봉구,15572.0,1904.0,13668.0,2016
1507,서울,동대문구,35959.0,5062.0,30897.0,2016
1508,서울,동작구,20123.0,3217.0,16906.0,2016
1509,서울,마포구,55917.0,14837.0,41080.0,2016
1510,서울,서대문구,23278.0,3355.0,19923.0,2016
1511,서울,서초구,82614.0,25869.0,56745.0,2016
1512,서울,성동구,31607.0,8278.0,23329.0,2016
1513,서울,성북구,23807.0,3325.0,20482.0,2016
1514,서울,송파구,68463.0,16391.0,52072.0,2016
1515,서울,양천구,28316.0,4348.0,23968.0,2016
1516,서울,영등포구,77670.0,22962.0,54708.0,2016
1517,서울,용산구,33224.0,7743.0,25481.0,2016
1518,서울,은평구,28206.0,3076.0,25130.0,2016
1519,서울,종로구,54349.0,10284.0,44065.0,2016
1520,서울,중구,92814.0,14187.0,78627.0,2016
1521,서울,중랑구,25472.0,2554.0,22918.0,2016
1522,인천,소계,240841.0,35230.0,205611.0,2016
1523,인천,강화군,4771.0,878.0,3893.0,2016
1524,인천,계양구,21085.0,2801.0,18284.0,2016
1525,인천,남동구,47908.0,7613.0,40295.0,2016
1526,인천,동구,9876.0,1455.0,8421.0,2016
1527,인천,미추홀구,30073.0,3537.0,26536.0,2016
1528,인천,부평구,34319.0,4380.0,29939.0,2016
1529,인천,서구,45825.0,7067.0,38758.0,2016
1530,인천,연수구,24948.0,4144.0,20804.0,2016
1531,인천,옹진군,1273.0,278.0,995.0,2016
1532,인천,중구,20763.0,3077.0,17686.0,2016
1533,경기,소계,1192117.0,196073.0,996044.0,2016
1534,경기,가평군,4981.0,939.0,4042.0,2016
1535,경기,고양시,93299.0,14988.0,78311.0,2016
1536,경기,과천시,4565.0,1006.0,3559.0,2016
1537,경기,광명시,23291.0,2902.0,20389.0,2016
1538,경기,광주시,35346.0,7002.0,28344.0,2016
1539,경기,구리시,15719.0,2504.0,13215.0,2016
1540,경기,군포시,21530.0,3624.0,17906.0,2016
1541,경기,김포시,45290.0,8298.0,36992.0,2016
1542,경기,남양주시,50744.0,7055.0,43689.0,2016
1543,경기,동두천시,5756.0,755.0,5001.0,2016
1544,경기,부천시,78025.0,10203.0,67822.0,2016
1545,경기,성남시,91356.0,19114.0,72242.0,2016
1546,경기,수원시,92667.0,12271.0,80396.0,2016
1547,경기,시흥시,61193.0,8583.0,52610.0,2016
1548,경기,안산시,70351.0,11889.0,58462.0,2016
1549,경기,안성시,17681.0,3688.0,13993.0,2016
1550,경기,안양시,56650.0,10441.0,46209.0,2016
1551,경기,양주시,19762.0,3314.0,16448.0,2016
1552,경기,양평군,7730.0,1480.0,6250.0,2016
1553,경기,여주시,13050.0,1933.0,11117.0,2016
1554,경기,연천군,6744.0,726.0,6018.0,2016
1555,경기,오산시,15007.0,1949.0,13058.0,2016
1556,경기,용인시,75485.0,13977.0,61508.0,2016
1557,경기,의왕시,11009.0,2157.0,8852.0,2016
1558,경기,의정부시,28929.0,3194.0,25735.0,2016
1559,경기,이천시,19720.0,3332.0,16388.0,2016
1560,경기,파주시,40028.0,7371.0,32657.0,2016
1561,경기,평택시,46629.0,7441.0,39188.0,2016
1562,경기,포천시,23094.0,3700.0,19394.0,2016
1563,경기,하남시,27085.0,3719.0,23366.0,2016
1564,경기,화성시,89401.0,16518.0,72883.0,2016
1565,강원,소계,115543.0,20307.0,95236.0,2016
1566,강원,강릉시,16823.0,2661.0,14162.0,2016
1567,강원,고성군,1908.0,494.0,1414.0,2016
1568,강원,동해시,6794.0,1001.0,5793.0,2016
1569,강원,삼척시,4057.0,886.0,3171.0,2016
1570,강원,속초시,7279.0,782.0,6497.0,2016
1571,강원,양구군,1490.0,355.0,1135.0,2016
1572,강원,양양군,2094.0,419.0,1675.0,2016
1573,강원,영월군,2741.0,664.0,2077.0,2016
1574,강원,원주시,26878.0,4400.0,22478.0,2016
1575,강원,인제군,2279.0,537.0,1742.0,2016
1576,강원,정선군,3044.0,695.0,2349.0,2016
1577,강원,철원군,2436.0,525.0,1911.0,2016
1578,강원,춘천시,20910.0,3394.0,17516.0,2016
1579,강원,태백시,2943.0,528.0,2415.0,2016
1580,강원,평창군,4194.0,892.0,3302.0,2016
1581,강원,홍천군,4996.0,954.0,4042.0,2016
1582,강원,화천군,1347.0,338.0,1009.0,2016
1583,강원,횡성군,3330.0,782.0,2548.0,2016
1584,대전,소계,113686.0,19061.0,94625.0,2016
1585,대전,대덕구,18848.0,3028.0,15820.0,2016
1586,대전,동구,14532.0,1964.0,12568.0,2016
1587,대전,서구,34319.0,5384.0,28935.0,2016
1588,대전,유성구,26757.0,6091.0,20666.0,2016
1589,대전,중구,19230.0,2594.0,16636.0,2016
1590,충북,소계,123401.0,24111.0,99290.0,2016
1591,충북,괴산군,2622.0,813.0,1809.0,2016
1592,충북,단양군,2222.0,496.0,1726.0,2016
1593,충북,보은군,2382.0,574.0,1808.0,2016
1594,충북,영동군,2395.0,644.0,1751.0,2016
1595,충북,옥천군,4442.0,936.0,3506.0,2016
1596,충북,음성군,10507.0,2910.0,7597.0,2016
1597,충북,제천시,10569.0,1798.0,8771.0,2016
1598,충북,증평군,2527.0,388.0,2139.0,2016
1599,충북,진천군,7335.0,1692.0,5643.0,2016
1600,충북,청원군,,,,2016
1601,충북,청주시,63082.0,11181.0,51901.0,2016
1602,충북,충주시,15318.0,2679.0,12639.0,2016
1603,충남,소계,163614.0,31445.0,132169.0,2016
1604,충남,계룡시,1833.0,347.0,1486.0,2016
1605,충남,공주시,8487.0,1725.0,6762.0,2016
1606,충남,금산군,5157.0,1353.0,3804.0,2016
1607,충남,논산시,8840.0,1830.0,7010.0,2016
1608,충남,당진시,14438.0,2944.0,11494.0,2016
1609,충남,보령시,7538.0,1554.0,5984.0,2016
1610,충남,부여군,4234.0,1090.0,3144.0,2016
1611,충남,서산시,12004.0,2018.0,9986.0,2016
1612,충남,서천군,3774.0,808.0,2966.0,2016
1613,충남,아산시,24332.0,4721.0,19611.0,2016
1614,충남,연기군,,,,2016
1615,충남,예산군,6176.0,1229.0,4947.0,2016
1616,충남,천안시,52565.0,9011.0,43554.0,2016
1617,충남,청양군,2267.0,506.0,1761.0,2016
1618,충남,태안군,4574.0,1030.0,3544.0,2016
1619,충남,홍성군,7395.0,1279.0,6116.0,2016
1620,충남,당진군,,,,2016
1621,세종,세종,24865.0,3610.0,21255.0,2016
1622,광주,소계,111017.0,23473.0,87544.0,2016
1623,광주,광산구,32291.0,6772.0,25519.0,2016
1624,광주,남구,10159.0,2020.0,8139.0,2016
1625,광주,동구,11518.0,2431.0,9087.0,2016
1626,광주,북구,29261.0,6350.0,22911.0,2016
1627,광주,서구,27788.0,5900.0,21888.0,2016
1628,전북,소계,135259.0,27744.0,107515.0,2016
1629,전북,고창군,3521.0,983.0,2538.0,2016
1630,전북,군산시,20706.0,4062.0,16644.0,2016
1631,전북,김제시,6588.0,1766.0,4822.0,2016
1632,전북,남원시,6212.0,1308.0,4904.0,2016
1633,전북,무주군,1893.0,478.0,1415.0,2016
1634,전북,부안군,3517.0,885.0,2632.0,2016
1635,전북,순창군,1711.0,540.0,1171.0,2016
1636,전북,완주군,8056.0,1887.0,6169.0,2016
1637,전북,익산시,20909.0,4053.0,16856.0,2016
1638,전북,임실군,2032.0,583.0,1449.0,2016
1639,전북,장수군,1281.0,364.0,917.0,2016
1640,전북,전주시,48896.0,8612.0,40284.0,2016
1641,전북,정읍시,8292.0,1671.0,6621.0,2016
1642,전북,진안군,1645.0,552.0,1093.0,2016
1643,전남,소계,136226.0,32108.0,104118.0,2016
1644,전남,강진군,2838.0,691.0,2147.0,2016
1645,전남,고흥군,3626.0,1166.0,2460.0,2016
1646,전남,곡성군,2153.0,624.0,1529.0,2016
1647,전남,광양시,11739.0,2505.0,9234.0,2016
1648,전남,구례군,1518.0,456.0,1062.0,2016
1649,전남,나주시,11625.0,2603.0,9022.0,2016
1650,전남,담양군,4611.0,1369.0,3242.0,2016
1651,전남,목포시,17401.0,2699.0,14702.0,2016
1652,전남,무안군,5920.0,1506.0,4414.0,2016
1653,전남,보성군,2745.0,748.0,1997.0,2016
1654,전남,순천시,19477.0,3165.0,16312.0,2016
1655,전남,신안군,1866.0,621.0,1245.0,2016
1656,전남,여수시,19541.0,3589.0,15952.0,2016
1657,전남,영광군,3588.0,1087.0,2501.0,2016
1658,전남,영암군,5186.0,2035.0,3151.0,2016
1659,전남,완도군,2994.0,916.0,2078.0,2016
1660,전남,장성군,3814.0,1328.0,2486.0,2016
1661,전남,장흥군,2425.0,820.0,1605.0,2016
1662,전남,진도군,1743.0,578.0,1165.0,2016
1663,전남,함평군,2313.0,825.0,1488.0,2016
1664,전남,해남군,4768.0,1450.0,3318.0,2016
1665,전남,화순군,4335.0,1327.0,3008.0,2016
1666,대구,소계,195953.0,26707.0,169246.0,2016
1667,대구,남구,10064.0,1471.0,8593.0,2016
1668,대구,달서구,42436.0,5697.0,36739.0,2016
1669,대구,달성군,18720.0,2619.0,16101.0,2016
1670,대구,동구,25118.0,3613.0,21505.0,2016
1671,대구,북구,39803.0,4598.0,35205.0,2016
1672,대구,서구,15999.0,2019.0,13980.0,2016
1673,대구,수성구,23697.0,4045.0,19652.0,2016
1674,대구,중구,20116.0,2645.0,17471.0,2016
1675,경북,소계,197161.0,36364.0,160797.0,2016
1676,경북,경산시,19459.0,3331.0,16128.0,2016
1677,경북,경주시,21106.0,4078.0,17028.0,2016
1678,경북,고령군,3930.0,830.0,3100.0,2016
1679,경북,구미시,31039.0,5170.0,25869.0,2016
1680,경북,군위군,1742.0,484.0,1258.0,2016
1681,경북,김천시,9454.0,1625.0,7829.0,2016
1682,경북,문경시,4343.0,796.0,3547.0,2016
1683,경북,봉화군,1483.0,503.0,980.0,2016
1684,경북,상주시,6764.0,1195.0,5569.0,2016
1685,경북,성주군,5025.0,1195.0,3830.0,2016
1686,경북,안동시,12066.0,2033.0,10033.0,2016
1687,경북,영덕군,2478.0,532.0,1946.0,2016
1688,경북,영양군,783.0,259.0,524.0,2016
1689,경북,영주시,7337.0,1106.0,6231.0,2016
1690,경북,영천시,9146.0,1969.0,7177.0,2016
1691,경북,예천군,2478.0,521.0,1957.0,2016
1692,경북,울릉군,638.0,178.0,460.0,2016
1693,경북,울진군,2979.0,669.0,2310.0,2016
1694,경북,의성군,3221.0,742.0,2479.0,2016
1695,경북,청도군,2369.0,660.0,1709.0,2016
1696,경북,청송군,1389.0,444.0,945.0,2016
1697,경북,칠곡군,12170.0,2257.0,9913.0,2016
1698,경북,포항시,35762.0,5787.0,29975.0,2016
1699,부산,소계,287720.0,46096.0,241624.0,2016
1700,부산,강서구,24653.0,5029.0,19624.0,2016
1701,부산,금정구,18699.0,2723.0,15976.0,2016
1702,부산,기장군,12543.0,2254.0,10289.0,2016
1703,부산,남구,17635.0,2437.0,15198.0,2016
1704,부산,동구,12448.0,2369.0,10079.0,2016
1705,부산,동래구,18267.0,2591.0,15676.0,2016
1706,부산,부산진구,32554.0,4515.0,28039.0,2016
1707,부산,북구,12651.0,1321.0,11330.0,2016
1708,부산,사상구,29661.0,4324.0,25337.0,2016
1709,부산,사하구,18463.0,2722.0,15741.0,2016
1710,부산,서구,6740.0,1454.0,5286.0,2016
1711,부산,수영구,12079.0,1733.0,10346.0,2016
1712,부산,연제구,15698.0,2760.0,12938.0,2016
1713,부산,영도구,7242.0,1079.0,6163.0,2016
1714,부산,중구,14994.0,2954.0,12040.0,2016
1715,부산,해운대구,33393.0,5831.0,27562.0,2016
1716,울산,소계,82198.0,13017.0,69181.0,2016
1717,울산,남구,31273.0,4976.0,26297.0,2016
1718,울산,동구,7099.0,854.0,6245.0,2016
1719,울산,북구,12483.0,1830.0,10653.0,2016
1720,울산,울주군,17909.0,3826.0,14083.0,2016
1721,울산,중구,13434.0,1531.0,11903.0,2016
1722,경남,소계,260477.0,41854.0,218623.0,2016
1723,경남,거제시,16874.0,2161.0,14713.0,2016
1724,경남,거창군,4151.0,871.0,3280.0,2016
1725,경남,고성군,3607.0,846.0,2761.0,2016
1726,경남,김해시,49663.0,8362.0,41301.0,2016
1727,경남,남해군,2219.0,436.0,1783.0,2016
1728,경남,밀양시,8066.0,1446.0,6620.0,2016
1729,경남,사천시,7233.0,1351.0,5882.0,2016
1730,경남,산청군,2513.0,716.0,1797.0,2016
1731,경남,양산시,31445.0,4039.0,27406.0,2016
1732,경남,의령군,1875.0,504.0,1371.0,2016
1733,경남,진주시,25632.0,3460.0,22172.0,2016
1734,경남,창녕군,3734.0,988.0,2746.0,2016
1735,경남,창원시,78936.0,11766.0,67170.0,2016
1736,경남,통영시,8251.0,1085.0,7166.0,2016
1737,경남,하동군,3042.0,703.0,2339.0,2016
1738,경남,함안군,8349.0,1902.0,6447.0,2016
1739,경남,함양군,2169.0,607.0,1562.0,2016
1740,경남,합천군,2718.0,611.0,2107.0,2016
1741,제주,소계,63075.0,12473.0,50602.0,2016
1742,제주,제주시,44866.0,9750.0,35116.0,2016
1743,제주,서귀포시,18209.0,2723.0,15486.0,2016
1744,지역별,소계,4829096.0,883909.0,3945187.0,2017
1745,서울,소계,1123634.0,256421.0,867213.0,2017
1746,서울,강남구,127944.0,49582.0,78362.0,2017
1747,서울,강동구,31230.0,4982.0,26248.0,2017
1748,서울,강북구,17791.0,1885.0,15906.0,2017
1749,서울,강서구,53842.0,8809.0,45033.0,2017
1750,서울,관악구,30373.0,3850.0,26523.0,2017
1751,서울,광진구,29329.0,5420.0,23909.0,2017
1752,서울,구로구,52281.0,12375.0,39906.0,2017
1753,서울,금천구,41706.0,13306.0,28400.0,2017
1754,서울,노원구,25412.0,3366.0,22046.0,2017
1755,서울,도봉구,16190.0,1952.0,14238.0,2017
1756,서울,동대문구,36075.0,5054.0,31021.0,2017
1757,서울,동작구,21074.0,3276.0,17798.0,2017
1758,서울,마포구,57028.0,15322.0,41706.0,2017
1759,서울,서대문구,23942.0,3486.0,20456.0,2017
1760,서울,서초구,83381.0,26267.0,57114.0,2017
1761,서울,성동구,33561.0,8772.0,24789.0,2017
1762,서울,성북구,24755.0,3494.0,21261.0,2017
1763,서울,송파구,72580.0,18300.0,54280.0,2017
1764,서울,양천구,29181.0,4480.0,24701.0,2017
1765,서울,영등포구,79565.0,23788.0,55777.0,2017
1766,서울,용산구,33208.0,7766.0,25442.0,2017
1767,서울,은평구,28687.0,3158.0,25529.0,2017
1768,서울,종로구,55356.0,10654.0,44702.0,2017
1769,서울,중구,92999.0,14483.0,78516.0,2017
1770,서울,중랑구,26144.0,2594.0,23550.0,2017
1771,인천,소계,264419.0,37200.0,227219.0,2017
1772,인천,강화군,5506.0,945.0,4561.0,2017
1773,인천,계양구,21644.0,2769.0,18875.0,2017
1774,인천,남동구,50631.0,7959.0,42672.0,2017
1775,인천,동구,10272.0,1497.0,8775.0,2017
1776,인천,미추홀구,34442.0,3647.0,30795.0,2017
1777,인천,부평구,35937.0,4449.0,31488.0,2017
1778,인천,서구,51710.0,7747.0,43963.0,2017
1779,인천,연수구,28579.0,4631.0,23948.0,2017
1780,인천,옹진군,1408.0,304.0,1104.0,2017
1781,인천,중구,24290.0,3252.0,21038.0,2017
1782,경기,소계,1293257.0,210704.0,1082553.0,2017
1783,경기,가평군,5647.0,1078.0,4569.0,2017
1784,경기,고양시,99225.0,15890.0,83335.0,2017
1785,경기,과천시,4604.0,992.0,3612.0,2017
1786,경기,광명시,25306.0,3140.0,22166.0,2017
1787,경기,광주시,37772.0,7461.0,30311.0,2017
1788,경기,구리시,17628.0,2648.0,14980.0,2017
1789,경기,군포시,22562.0,3831.0,18731.0,2017
1790,경기,김포시,53521.0,9267.0,44254.0,2017
1791,경기,남양주시,56865.0,7837.0,49028.0,2017
1792,경기,동두천시,5997.0,777.0,5220.0,2017
1793,경기,부천시,81396.0,10647.0,70749.0,2017
1794,경기,성남시,94511.0,20079.0,74432.0,2017
1795,경기,수원시,98526.0,13091.0,85435.0,2017
1796,경기,시흥시,65966.0,9067.0,56899.0,2017
1797,경기,안산시,72878.0,12345.0,60533.0,2017
1798,경기,안성시,18885.0,3947.0,14938.0,2017
1799,경기,안양시,58447.0,10860.0,47587.0,2017
1800,경기,양주시,21883.0,3646.0,18237.0,2017
1801,경기,양평군,8555.0,1662.0,6893.0,2017
1802,경기,여주시,13851.0,2081.0,11770.0,2017
1803,경기,연천군,6848.0,770.0,6078.0,2017
1804,경기,오산시,17576.0,2100.0,15476.0,2017
1805,경기,용인시,82657.0,15481.0,67176.0,2017
1806,경기,의왕시,11633.0,2294.0,9339.0,2017
1807,경기,의정부시,30744.0,3453.0,27291.0,2017
1808,경기,이천시,22270.0,3549.0,18721.0,2017
1809,경기,파주시,45052.0,8103.0,36949.0,2017
1810,경기,평택시,50955.0,8103.0,42852.0,2017
1811,경기,포천시,24088.0,4010.0,20078.0,2017
1812,경기,하남시,36772.0,4061.0,32711.0,2017
1813,경기,화성시,100637.0,18434.0,82203.0,2017
1814,강원,소계,125459.0,21883.0,103576.0,2017
1815,강원,강릉시,18345.0,2843.0,15502.0,2017
1816,강원,고성군,2084.0,530.0,1554.0,2017
1817,강원,동해시,7079.0,1103.0,5976.0,2017
1818,강원,삼척시,4259.0,951.0,3308.0,2017
1819,강원,속초시,8262.0,870.0,7392.0,2017
1820,강원,양구군,1675.0,372.0,1303.0,2017
1821,강원,양양군,2274.0,463.0,1811.0,2017
1822,강원,영월군,2903.0,713.0,2190.0,2017
1823,강원,원주시,29285.0,4784.0,24501.0,2017
1824,강원,인제군,2498.0,589.0,1909.0,2017
1825,강원,정선군,3110.0,716.0,2394.0,2017
1826,강원,철원군,2676.0,578.0,2098.0,2017
1827,강원,춘천시,22433.0,3569.0,18864.0,2017
1828,강원,태백시,3026.0,568.0,2458.0,2017
1829,강원,평창군,5023.0,986.0,4037.0,2017
1830,강원,홍천군,5417.0,1015.0,4402.0,2017
1831,강원,화천군,1510.0,364.0,1146.0,2017
1832,강원,횡성군,3600.0,869.0,2731.0,2017
1833,대전,소계,119716.0,19899.0,99817.0,2017
1834,대전,대덕구,19302.0,3173.0,16129.0,2017
1835,대전,동구,15093.0,2060.0,13033.0,2017
1836,대전,서구,35875.0,5535.0,30340.0,2017
1837,대전,유성구,29101.0,6491.0,22610.0,2017
1838,대전,중구,20345.0,2640.0,17705.0,2017
1839,충북,소계,131030.0,25673.0,105357.0,2017
1840,충북,괴산군,2825.0,896.0,1929.0,2017
1841,충북,단양군,2409.0,526.0,1883.0,2017
1842,충북,보은군,2462.0,578.0,1884.0,2017
1843,충북,영동군,2529.0,685.0,1844.0,2017
1844,충북,옥천군,4713.0,961.0,3752.0,2017
1845,충북,음성군,11391.0,3084.0,8307.0,2017
1846,충북,제천시,11187.0,1903.0,9284.0,2017
1847,충북,증평군,2749.0,420.0,2329.0,2017
1848,충북,진천군,7863.0,1815.0,6048.0,2017
1849,충북,청원군,,,,2017
1850,충북,청주시,66488.0,11922.0,54566.0,2017
1851,충북,충주시,16414.0,2883.0,13531.0,2017
1852,충남,소계,177520.0,33589.0,143931.0,2017
1853,충남,계룡시,1927.0,369.0,1558.0,2017
1854,충남,공주시,9082.0,1814.0,7268.0,2017
1855,충남,금산군,5446.0,1440.0,4006.0,2017
1856,충남,논산시,9600.0,1910.0,7690.0,2017
1857,충남,당진시,15279.0,3059.0,12220.0,2017
1858,충남,보령시,8044.0,1607.0,6437.0,2017
1859,충남,부여군,4823.0,1156.0,3667.0,2017
1860,충남,서산시,13176.0,2106.0,11070.0,2017
1861,충남,서천군,3939.0,836.0,3103.0,2017
1862,충남,아산시,26744.0,5146.0,21598.0,2017
1863,충남,연기군,,,,2017
1864,충남,예산군,6627.0,1296.0,5331.0,2017
1865,충남,천안시,57501.0,9795.0,47706.0,2017
1866,충남,청양군,2392.0,546.0,1846.0,2017
1867,충남,태안군,4902.0,1118.0,3784.0,2017
1868,충남,홍성군,8038.0,1391.0,6647.0,2017
1869,충남,당진군,,,,2017
1870,세종,세종,29788.0,4054.0,25734.0,2017
1871,광주,소계,117393.0,25008.0,92385.0,2017
1872,광주,광산구,34840.0,7226.0,27614.0,2017
1873,광주,남구,10856.0,2139.0,8717.0,2017
1874,광주,동구,11779.0,2492.0,9287.0,2017
1875,광주,북구,30536.0,6819.0,23717.0,2017
1876,광주,서구,29382.0,6332.0,23050.0,2017
1877,전북,소계,150333.0,29464.0,120869.0,2017
1878,전북,고창군,4112.0,1047.0,3065.0,2017
1879,전북,군산시,21503.0,4294.0,17209.0,2017
1880,전북,김제시,8545.0,1876.0,6669.0,2017
1881,전북,남원시,7145.0,1354.0,5791.0,2017
1882,전북,무주군,2091.0,515.0,1576.0,2017
1883,전북,부안군,4601.0,1022.0,3579.0,2017
1884,전북,순창군,1909.0,581.0,1328.0,2017
1885,전북,완주군,8774.0,2045.0,6729.0,2017
1886,전북,익산시,22618.0,4174.0,18444.0,2017
1887,전북,임실군,2892.0,614.0,2278.0,2017
1888,전북,장수군,1714.0,439.0,1275.0,2017
1889,전북,전주시,52036.0,9113.0,42923.0,2017
1890,전북,정읍시,10551.0,1814.0,8737.0,2017
1891,전북,진안군,1842.0,576.0,1266.0,2017
1892,전남,소계,149485.0,34179.0,115306.0,2017
1893,전남,강진군,3306.0,748.0,2558.0,2017
1894,전남,고흥군,4699.0,1220.0,3479.0,2017
1895,전남,곡성군,2289.0,648.0,1641.0,2017
1896,전남,광양시,12481.0,2634.0,9847.0,2017
1897,전남,구례군,1594.0,466.0,1128.0,2017
1898,전남,나주시,12938.0,2882.0,10056.0,2017
1899,전남,담양군,4856.0,1443.0,3413.0,2017
1900,전남,목포시,18161.0,2841.0,15320.0,2017
1901,전남,무안군,6970.0,1620.0,5350.0,2017
1902,전남,보성군,3028.0,806.0,2222.0,2017
1903,전남,순천시,20967.0,3390.0,17577.0,2017
1904,전남,신안군,2147.0,682.0,1465.0,2017
1905,전남,여수시,21614.0,3772.0,17842.0,2017
1906,전남,영광군,3830.0,1128.0,2702.0,2017
1907,전남,영암군,5946.0,2117.0,3829.0,2017
1908,전남,완도군,3245.0,982.0,2263.0,2017
1909,전남,장성군,4124.0,1426.0,2698.0,2017
1910,전남,장흥군,2618.0,886.0,1732.0,2017
1911,전남,진도군,1884.0,629.0,1255.0,2017
1912,전남,함평군,2519.0,892.0,1627.0,2017
1913,전남,해남군,5492.0,1564.0,3928.0,2017
1914,전남,화순군,4777.0,1403.0,3374.0,2017
1915,대구,소계,204916.0,28294.0,176622.0,2017
1916,대구,남구,10333.0,1540.0,8793.0,2017
1917,대구,달서구,44361.0,5944.0,38417.0,2017
1918,대구,달성군,20350.0,2934.0,17416.0,2017
1919,대구,동구,26551.0,3862.0,22689.0,2017
1920,대구,북구,41303.0,4810.0,36493.0,2017
1921,대구,서구,16293.0,2145.0,14148.0,2017
1922,대구,수성구,24786.0,4303.0,20483.0,2017
1923,대구,중구,20939.0,2756.0,18183.0,2017
1924,경북,소계,209246.0,38467.0,170779.0,2017
1925,경북,경산시,20784.0,3497.0,17287.0,2017
1926,경북,경주시,22019.0,4282.0,17737.0,2017
1927,경북,고령군,4191.0,876.0,3315.0,2017
1928,경북,구미시,32295.0,5389.0,26906.0,2017
1929,경북,군위군,1963.0,520.0,1443.0,2017
1930,경북,김천시,9894.0,1771.0,8123.0,2017
1931,경북,문경시,4574.0,883.0,3691.0,2017
1932,경북,봉화군,1611.0,560.0,1051.0,2017
1933,경북,상주시,7829.0,1349.0,6480.0,2017
1934,경북,성주군,5383.0,1283.0,4100.0,2017
1935,경북,안동시,12826.0,2179.0,10647.0,2017
1936,경북,영덕군,2675.0,569.0,2106.0,2017
1937,경북,영양군,995.0,292.0,703.0,2017
1938,경북,영주시,7943.0,1210.0,6733.0,2017
1939,경북,영천시,9814.0,2072.0,7742.0,2017
1940,경북,예천군,2973.0,565.0,2408.0,2017
1941,경북,울릉군,664.0,186.0,478.0,2017
1942,경북,울진군,3095.0,686.0,2409.0,2017
1943,경북,의성군,3503.0,794.0,2709.0,2017
1944,경북,청도군,2577.0,723.0,1854.0,2017
1945,경북,청송군,1377.0,418.0,959.0,2017
1946,경북,칠곡군,13095.0,2406.0,10689.0,2017
1947,경북,포항시,37166.0,5957.0,31209.0,2017
1948,부산,소계,302456.0,48406.0,254050.0,2017
1949,부산,강서구,27496.0,5416.0,22080.0,2017
1950,부산,금정구,19267.0,2868.0,16399.0,2017
1951,부산,기장군,13823.0,2391.0,11432.0,2017
1952,부산,남구,18240.0,2625.0,15615.0,2017
1953,부산,동구,13097.0,2418.0,10679.0,2017
1954,부산,동래구,19077.0,2706.0,16371.0,2017
1955,부산,부산진구,33327.0,4695.0,28632.0,2017
1956,부산,북구,13258.0,1381.0,11877.0,2017
1957,부산,사상구,29983.0,4435.0,25548.0,2017
1958,부산,사하구,19270.0,2813.0,16457.0,2017
1959,부산,서구,7228.0,1497.0,5731.0,2017
1960,부산,수영구,13326.0,1884.0,11442.0,2017
1961,부산,연제구,16255.0,2849.0,13406.0,2017
1962,부산,영도구,7501.0,1126.0,6375.0,2017
1963,부산,중구,15506.0,3013.0,12493.0,2017
1964,부산,해운대구,35802.0,6289.0,29513.0,2017
1965,울산,소계,85927.0,13565.0,72362.0,2017
1966,울산,남구,32079.0,5197.0,26882.0,2017
1967,울산,동구,7051.0,834.0,6217.0,2017
1968,울산,북구,13403.0,1932.0,11471.0,2017
1969,울산,울주군,19319.0,4035.0,15284.0,2017
1970,울산,중구,14075.0,1567.0,12508.0,2017
1971,경남,소계,273637.0,43813.0,229824.0,2017
1972,경남,거제시,16954.0,2242.0,14712.0,2017
1973,경남,거창군,4414.0,912.0,3502.0,2017
1974,경남,고성군,3710.0,872.0,2838.0,2017
1975,경남,김해시,51862.0,8844.0,43018.0,2017
1976,경남,남해군,2406.0,474.0,1932.0,2017
1977,경남,밀양시,8330.0,1496.0,6834.0,2017
1978,경남,사천시,7653.0,1408.0,6245.0,2017
1979,경남,산청군,2843.0,779.0,2064.0,2017
1980,경남,양산시,34367.0,4289.0,30078.0,2017
1981,경남,의령군,1944.0,535.0,1409.0,2017
1982,경남,진주시,27461.0,3605.0,23856.0,2017
1983,경남,창녕군,3925.0,1039.0,2886.0,2017
1984,경남,창원시,82329.0,12168.0,70161.0,2017
1985,경남,통영시,8562.0,1100.0,7462.0,2017
1986,경남,하동군,3320.0,803.0,2517.0,2017
1987,경남,함안군,8641.0,1930.0,6711.0,2017
1988,경남,함양군,2350.0,653.0,1697.0,2017
1989,경남,합천군,2566.0,664.0,1902.0,2017
1990,제주,소계,70880.0,13290.0,57590.0,2017
1991,제주,제주시,50023.0,10309.0,39714.0,2017
1992,제주,서귀포시,20857.0,2981.0,17876.0,2017
1993,지역별,소계,5114663.0,939020.0,4175643.0,2018
1994,서울,소계,1161245.0,269012.0,892233.0,2018
1995,서울,강남구,130282.0,51808.0,78474.0,2018
1996,서울,강동구,32824.0,5155.0,27669.0,2018
1997,서울,강북구,18714.0,1960.0,16754.0,2018
1998,서울,강서구,59069.0,10114.0,48955.0,2018
1999,서울,관악구,31350.0,3900.0,27450.0,2018
2000,서울,광진구,30482.0,5685.0,24797.0,2018
2001,서울,구로구,53348.0,12767.0,40581.0,2018
2002,서울,금천구,44526.0,14333.0,30193.0,2018
2003,서울,노원구,26051.0,3349.0,22702.0,2018
2004,서울,도봉구,16878.0,2016.0,14862.0,2018
2005,서울,동대문구,37469.0,5195.0,32274.0,2018
2006,서울,동작구,22124.0,3371.0,18753.0,2018
2007,서울,마포구,58594.0,15914.0,42680.0,2018
2008,서울,서대문구,24772.0,3731.0,21041.0,2018
2009,서울,서초구,85145.0,27674.0,57471.0,2018
2010,서울,성동구,35906.0,9738.0,26168.0,2018
2011,서울,성북구,25851.0,3645.0,22206.0,2018
2012,서울,송파구,75702.0,19506.0,56196.0,2018
2013,서울,양천구,30037.0,4641.0,25396.0,2018
2014,서울,영등포구,81173.0,24289.0,56884.0,2018
2015,서울,용산구,34035.0,8086.0,25949.0,2018
2016,서울,은평구,29906.0,3337.0,26569.0,2018
2017,서울,종로구,56724.0,11242.0,45482.0,2018
2018,서울,중구,92941.0,14932.0,78009.0,2018
2019,서울,중랑구,27342.0,2624.0,24718.0,2018
2020,인천,소계,287084.0,39672.0,247412.0,2018
2021,인천,강화군,6183.0,1017.0,5166.0,2018
2022,인천,계양구,22333.0,2873.0,19460.0,2018
2023,인천,남동구,52428.0,8404.0,44024.0,2018
2024,인천,동구,10355.0,1507.0,8848.0,2018
2025,인천,미추홀구,37045.0,3768.0,33277.0,2018
2026,인천,부평구,37765.0,4644.0,33121.0,2018
2027,인천,서구,57145.0,8538.0,48607.0,2018
2028,인천,연수구,33463.0,5087.0,28376.0,2018
2029,인천,옹진군,1509.0,314.0,1195.0,2018
2030,인천,중구,28858.0,3520.0,25338.0,2018
2031,경기,소계,1388649.0,226658.0,1161991.0,2018
2032,경기,가평군,6294.0,1195.0,5099.0,2018
2033,경기,고양시,107333.0,16664.0,90669.0,2018
2034,경기,과천시,4740.0,1038.0,3702.0,2018
2035,경기,광명시,26277.0,3276.0,23001.0,2018
2036,경기,광주시,40650.0,7997.0,32653.0,2018
2037,경기,구리시,19723.0,2859.0,16864.0,2018
2038,경기,군포시,23496.0,3996.0,19500.0,2018
2039,경기,김포시,61471.0,10298.0,51173.0,2018
2040,경기,남양주시,63548.0,8712.0,54836.0,2018
2041,경기,동두천시,6314.0,820.0,5494.0,2018
2042,경기,부천시,84501.0,11251.0,73250.0,2018
2043,경기,성남시,98116.0,21091.0,77025.0,2018
2044,경기,수원시,102363.0,13948.0,88415.0,2018
2045,경기,시흥시,68658.0,9824.0,58834.0,2018
2046,경기,안산시,75259.0,12752.0,62507.0,2018
2047,경기,안성시,20312.0,4175.0,16137.0,2018
2048,경기,안양시,61447.0,11451.0,49996.0,2018
2049,경기,양주시,23779.0,4004.0,19775.0,2018
2050,경기,양평군,9448.0,1872.0,7576.0,2018
2051,경기,여주시,14834.0,2238.0,12596.0,2018
2052,경기,연천군,7104.0,805.0,6299.0,2018
2053,경기,오산시,18917.0,2317.0,16600.0,2018
2054,경기,용인시,89733.0,17151.0,72582.0,2018
2055,경기,의왕시,12107.0,2416.0,9691.0,2018
2056,경기,의정부시,33211.0,3604.0,29607.0,2018
2057,경기,이천시,24060.0,3790.0,20270.0,2018
2058,경기,파주시,49270.0,8830.0,40440.0,2018
2059,경기,평택시,56303.0,8711.0,47592.0,2018
2060,경기,포천시,25141.0,4282.0,20859.0,2018
2061,경기,하남시,41789.0,4710.0,37079.0,2018
2062,경기,화성시,112451.0,20581.0,91870.0,2018
2063,강원,소계,134908.0,23516.0,111392.0,2018
2064,강원,강릉시,19900.0,3055.0,16845.0,2018
2065,강원,고성군,2352.0,582.0,1770.0,2018
2066,강원,동해시,7267.0,1140.0,6127.0,2018
2067,강원,삼척시,4708.0,1051.0,3657.0,2018
2068,강원,속초시,9384.0,904.0,8480.0,2018
2069,강원,양구군,1956.0,380.0,1576.0,2018
2070,강원,양양군,2710.0,507.0,2203.0,2018
2071,강원,영월군,3118.0,769.0,2349.0,2018
2072,강원,원주시,31010.0,5165.0,25845.0,2018
2073,강원,인제군,2933.0,637.0,2296.0,2018
2074,강원,정선군,3356.0,775.0,2581.0,2018
2075,강원,철원군,2881.0,645.0,2236.0,2018
2076,강원,춘천시,23300.0,3779.0,19521.0,2018
2077,강원,태백시,3127.0,596.0,2531.0,2018
2078,강원,평창군,5347.0,1090.0,4257.0,2018
2079,강원,홍천군,5849.0,1112.0,4737.0,2018
2080,강원,화천군,1902.0,397.0,1505.0,2018
2081,강원,횡성군,3808.0,932.0,2876.0,2018
2082,대전,소계,124856.0,21129.0,103727.0,2018
2083,대전,대덕구,19627.0,3319.0,16308.0,2018
2084,대전,동구,15608.0,2123.0,13485.0,2018
2085,대전,서구,37583.0,5908.0,31675.0,2018
2086,대전,유성구,31277.0,6974.0,24303.0,2018
2087,대전,중구,20761.0,2805.0,17956.0,2018
2088,충북,소계,139448.0,27306.0,112142.0,2018
2089,충북,괴산군,3023.0,928.0,2095.0,2018
2090,충북,단양군,2626.0,566.0,2060.0,2018
2091,충북,보은군,2660.0,609.0,2051.0,2018
2092,충북,영동군,2710.0,726.0,1984.0,2018
2093,충북,옥천군,5084.0,993.0,4091.0,2018
2094,충북,음성군,12219.0,3319.0,8900.0,2018
2095,충북,제천시,11675.0,2024.0,9651.0,2018
2096,충북,증평군,2891.0,435.0,2456.0,2018
2097,충북,진천군,8558.0,1943.0,6615.0,2018
2098,충북,청원군,,,,2018
2099,충북,청주시,70427.0,12640.0,57787.0,2018
2100,충북,충주시,17575.0,3123.0,14452.0,2018
2101,충남,소계,190140.0,35736.0,154404.0,2018
2102,충남,계룡시,2069.0,400.0,1669.0,2018
2103,충남,공주시,9731.0,1946.0,7785.0,2018
2104,충남,금산군,6059.0,1439.0,4620.0,2018
2105,충남,논산시,10485.0,2006.0,8479.0,2018
2106,충남,당진시,15867.0,3164.0,12703.0,2018
2107,충남,보령시,8678.0,1733.0,6945.0,2018
2108,충남,부여군,5511.0,1239.0,4272.0,2018
2109,충남,서산시,14212.0,2226.0,11986.0,2018
2110,충남,서천군,4167.0,861.0,3306.0,2018
2111,충남,아산시,28599.0,5559.0,23040.0,2018
2112,충남,연기군,,,,2018
2113,충남,예산군,7205.0,1425.0,5780.0,2018
2114,충남,천안시,61151.0,10515.0,50636.0,2018
2115,충남,청양군,2546.0,598.0,1948.0,2018
2116,충남,태안군,5239.0,1144.0,4095.0,2018
2117,충남,홍성군,8621.0,1481.0,7140.0,2018
2118,충남,당진군,,,,2018
2119,세종,세종,32934.0,4598.0,28336.0,2018
2120,광주,소계,125695.0,27336.0,98359.0,2018
2121,광주,광산구,37718.0,7873.0,29845.0,2018
2122,광주,남구,11766.0,2323.0,9443.0,2018
2123,광주,동구,12511.0,2659.0,9852.0,2018
2124,광주,북구,32789.0,7495.0,25294.0,2018
2125,광주,서구,30911.0,6986.0,23925.0,2018
2126,전북,소계,166267.0,31499.0,134768.0,2018
2127,전북,고창군,5142.0,1173.0,3969.0,2018
2128,전북,군산시,22542.0,4579.0,17963.0,2018
2129,전북,김제시,9788.0,2034.0,7754.0,2018
2130,전북,남원시,8935.0,1441.0,7494.0,2018
2131,전북,무주군,2297.0,549.0,1748.0,2018
2132,전북,부안군,5421.0,1116.0,4305.0,2018
2133,전북,순창군,2256.0,632.0,1624.0,2018
2134,전북,완주군,9469.0,2138.0,7331.0,2018
2135,전북,익산시,24811.0,4467.0,20344.0,2018
2136,전북,임실군,3535.0,632.0,2903.0,2018
2137,전북,장수군,2233.0,516.0,1717.0,2018
2138,전북,전주시,55535.0,9670.0,45865.0,2018
2139,전북,정읍시,12278.0,1956.0,10322.0,2018
2140,전북,진안군,2025.0,596.0,1429.0,2018
2141,전남,소계,164458.0,36910.0,127548.0,2018
2142,전남,강진군,3983.0,816.0,3167.0,2018
2143,전남,고흥군,5230.0,1435.0,3795.0,2018
2144,전남,곡성군,2445.0,669.0,1776.0,2018
2145,전남,광양시,13068.0,2774.0,10294.0,2018
2146,전남,구례군,1693.0,487.0,1206.0,2018
2147,전남,나주시,14543.0,3146.0,11397.0,2018
2148,전남,담양군,5078.0,1483.0,3595.0,2018
2149,전남,목포시,18635.0,3027.0,15608.0,2018
2150,전남,무안군,8309.0,1751.0,6558.0,2018
2151,전남,보성군,3697.0,888.0,2809.0,2018
2152,전남,순천시,22416.0,3679.0,18737.0,2018
2153,전남,신안군,3331.0,860.0,2471.0,2018
2154,전남,여수시,23900.0,3980.0,19920.0,2018
2155,전남,영광군,4163.0,1246.0,2917.0,2018
2156,전남,영암군,6564.0,2216.0,4348.0,2018
2157,전남,완도군,3441.0,1068.0,2373.0,2018
2158,전남,장성군,4579.0,1601.0,2978.0,2018
2159,전남,장흥군,2988.0,972.0,2016.0,2018
2160,전남,진도군,2141.0,664.0,1477.0,2018
2161,전남,함평군,2812.0,934.0,1878.0,2018
2162,전남,해남군,6208.0,1704.0,4504.0,2018
2163,전남,화순군,5234.0,1510.0,3724.0,2018
2164,대구,소계,212601.0,29803.0,182798.0,2018
2165,대구,남구,10753.0,1632.0,9121.0,2018
2166,대구,달서구,45938.0,6308.0,39630.0,2018
2167,대구,달성군,21579.0,3167.0,18412.0,2018
2168,대구,동구,27614.0,4067.0,23547.0,2018
2169,대구,북구,42759.0,5047.0,37712.0,2018
2170,대구,서구,16456.0,2185.0,14271.0,2018
2171,대구,수성구,26285.0,4570.0,21715.0,2018
2172,대구,중구,21217.0,2827.0,18390.0,2018
2173,경북,소계,221208.0,40761.0,180447.0,2018
2174,경북,경산시,22097.0,3693.0,18404.0,2018
2175,경북,경주시,22849.0,4479.0,18370.0,2018
2176,경북,고령군,4393.0,899.0,3494.0,2018
2177,경북,구미시,33576.0,5628.0,27948.0,2018
2178,경북,군위군,2265.0,582.0,1683.0,2018
2179,경북,김천시,10397.0,1848.0,8549.0,2018
2180,경북,문경시,5000.0,979.0,4021.0,2018
2181,경북,봉화군,1923.0,664.0,1259.0,2018
2182,경북,상주시,8703.0,1446.0,7257.0,2018
2183,경북,성주군,5671.0,1329.0,4342.0,2018
2184,경북,안동시,13608.0,2354.0,11254.0,2018
2185,경북,영덕군,3036.0,652.0,2384.0,2018
2186,경북,영양군,1222.0,316.0,906.0,2018
2187,경북,영주시,8488.0,1302.0,7186.0,2018
2188,경북,영천시,10422.0,2204.0,8218.0,2018
2189,경북,예천군,3594.0,619.0,2975.0,2018
2190,경북,울릉군,716.0,184.0,532.0,2018
2191,경북,울진군,3220.0,718.0,2502.0,2018
2192,경북,의성군,3880.0,865.0,3015.0,2018
2193,경북,청도군,2744.0,741.0,2003.0,2018
2194,경북,청송군,1476.0,451.0,1025.0,2018
2195,경북,칠곡군,13691.0,2571.0,11120.0,2018
2196,경북,포항시,38237.0,6237.0,32000.0,2018
2197,부산,소계,314532.0,50750.0,263782.0,2018
2198,부산,강서구,29835.0,5844.0,23991.0,2018
2199,부산,금정구,19854.0,3013.0,16841.0,2018
2200,부산,기장군,14853.0,2590.0,12263.0,2018
2201,부산,남구,18811.0,2817.0,15994.0,2018
2202,부산,동구,13455.0,2513.0,10942.0,2018
2203,부산,동래구,19657.0,2854.0,16803.0,2018
2204,부산,부산진구,34341.0,4758.0,29583.0,2018
2205,부산,북구,13644.0,1481.0,12163.0,2018
2206,부산,사상구,30524.0,4542.0,25982.0,2018
2207,부산,사하구,20003.0,2982.0,17021.0,2018
2208,부산,서구,7489.0,1556.0,5933.0,2018
2209,부산,수영구,14373.0,1957.0,12416.0,2018
2210,부산,연제구,16740.0,2950.0,13790.0,2018
2211,부산,영도구,7693.0,1148.0,6545.0,2018
2212,부산,중구,16082.0,3011.0,13071.0,2018
2213,부산,해운대구,37178.0,6734.0,30444.0,2018
2214,울산,소계,88666.0,14068.0,74598.0,2018
2215,울산,남구,32664.0,5295.0,27369.0,2018
2216,울산,동구,7048.0,880.0,6168.0,2018
2217,울산,북구,14116.0,2044.0,12072.0,2018
2218,울산,울주군,20371.0,4223.0,16148.0,2018
2219,울산,중구,14467.0,1626.0,12841.0,2018
2220,경남,소계,285065.0,46051.0,239014.0,2018
2221,경남,거제시,16789.0,2310.0,14479.0,2018
2222,경남,거창군,4759.0,962.0,3797.0,2018
2223,경남,고성군,3867.0,959.0,2908.0,2018
2224,경남,김해시,53606.0,9242.0,44364.0,2018
2225,경남,남해군,2699.0,504.0,2195.0,2018
2226,경남,밀양시,8617.0,1555.0,7062.0,2018
2227,경남,사천시,8150.0,1493.0,6657.0,2018
2228,경남,산청군,3021.0,822.0,2199.0,2018
2229,경남,양산시,36651.0,4600.0,32051.0,2018
2230,경남,의령군,2043.0,582.0,1461.0,2018
2231,경남,진주시,28721.0,3846.0,24875.0,2018
2232,경남,창녕군,4237.0,1089.0,3148.0,2018
2233,경남,창원시,84921.0,12645.0,72276.0,2018
2234,경남,통영시,8837.0,1133.0,7704.0,2018
2235,경남,하동군,3690.0,847.0,2843.0,2018
2236,경남,함안군,8995.0,2026.0,6969.0,2018
2237,경남,함양군,2532.0,702.0,1830.0,2018
2238,경남,합천군,2930.0,734.0,2196.0,2018
2239,제주,소계,76907.0,14215.0,62692.0,2018
2240,제주,제주시,54005.0,10957.0,43048.0,2018
2241,제주,서귀포시,22902.0,3258.0,19644.0,2018
2242,지역별,소계,5368908.0,1002855.0,4366053.0,2019
2243,서울,소계,1199757.0,283337.0,916420.0,2019
2244,서울,강남구,133955.0,54492.0,79463.0,2019
2245,서울,강동구,34480.0,5333.0,29147.0,2019
2246,서울,강북구,19557.0,2112.0,17445.0,2019
2247,서울,강서구,62197.0,11433.0,50764.0,2019
2248,서울,관악구,32546.0,4159.0,28387.0,2019
2249,서울,광진구,32179.0,5720.0,26459.0,2019
2250,서울,구로구,53675.0,13066.0,40609.0,2019
2251,서울,금천구,46284.0,15424.0,30860.0,2019
2252,서울,노원구,27136.0,3391.0,23745.0,2019
2253,서울,도봉구,17700.0,2119.0,15581.0,2019
2254,서울,동대문구,38276.0,5335.0,32941.0,2019
2255,서울,동작구,23302.0,3510.0,19792.0,2019
2256,서울,마포구,60317.0,16605.0,43712.0,2019
2257,서울,서대문구,25885.0,4062.0,21823.0,2019
2258,서울,서초구,87616.0,29111.0,58505.0,2019
2259,서울,성동구,38000.0,10774.0,27226.0,2019
2260,서울,성북구,26885.0,3761.0,23124.0,2019
2261,서울,송파구,79208.0,20662.0,58546.0,2019
2262,서울,양천구,30859.0,4725.0,26134.0,2019
2263,서울,영등포구,84488.0,25850.0,58638.0,2019
2264,서울,용산구,34774.0,8415.0,26359.0,2019
2265,서울,은평구,30919.0,3539.0,27380.0,2019
2266,서울,종로구,57424.0,11530.0,45894.0,2019
2267,서울,중구,93569.0,15492.0,78077.0,2019
2268,서울,중랑구,28526.0,2717.0,25809.0,2019
2269,인천,소계,301318.0,42305.0,259013.0,2019
2270,인천,강화군,6718.0,1114.0,5604.0,2019
2271,인천,계양구,23011.0,3057.0,19954.0,2019
2272,인천,남동구,54151.0,8818.0,45333.0,2019
2273,인천,동구,10367.0,1559.0,8808.0,2019
2274,인천,미추홀구,38223.0,3985.0,34238.0,2019
2275,인천,부평구,39196.0,4780.0,34416.0,2019
2276,인천,서구,61483.0,9143.0,52340.0,2019
2277,인천,연수구,35643.0,5755.0,29888.0,2019
2278,인천,옹진군,1625.0,326.0,1299.0,2019
2279,인천,중구,30901.0,3768.0,27133.0,2019
2280,경기,소계,1474122.0,246281.0,1227841.0,2019
2281,경기,가평군,6811.0,1295.0,5516.0,2019
2282,경기,고양시,112739.0,17518.0,95221.0,2019
2283,경기,과천시,5644.0,1081.0,4563.0,2019
2284,경기,광명시,27424.0,3586.0,23838.0,2019
2285,경기,광주시,43375.0,8583.0,34792.0,2019
2286,경기,구리시,20641.0,3007.0,17634.0,2019
2287,경기,군포시,25086.0,4209.0,20877.0,2019
2288,경기,김포시,66545.0,11902.0,54643.0,2019
2289,경기,남양주시,71126.0,9734.0,61392.0,2019
2290,경기,동두천시,6576.0,912.0,5664.0,2019
2291,경기,부천시,88903.0,11900.0,77003.0,2019
2292,경기,성남시,101665.0,21986.0,79679.0,2019
2293,경기,수원시,106669.0,14686.0,91983.0,2019
2294,경기,시흥시,71674.0,10566.0,61108.0,2019
2295,경기,안산시,77480.0,13389.0,64091.0,2019
2296,경기,안성시,21303.0,4440.0,16863.0,2019
2297,경기,안양시,63811.0,11946.0,51865.0,2019
2298,경기,양주시,25687.0,4405.0,21282.0,2019
2299,경기,양평군,10246.0,2117.0,8129.0,2019
2300,경기,여주시,15538.0,2374.0,13164.0,2019
2301,경기,연천군,7446.0,873.0,6573.0,2019
2302,경기,오산시,19606.0,2562.0,17044.0,2019
2303,경기,용인시,97371.0,20048.0,77323.0,2019
2304,경기,의왕시,13018.0,2559.0,10459.0,2019
2305,경기,의정부시,34964.0,3771.0,31193.0,2019
2306,경기,이천시,24935.0,4088.0,20847.0,2019
2307,경기,파주시,53678.0,9851.0,43827.0,2019
2308,경기,평택시,60699.0,9281.0,51418.0,2019
2309,경기,포천시,26669.0,4593.0,22076.0,2019
2310,경기,하남시,44302.0,5780.0,38522.0,2019
2311,경기,화성시,122491.0,23239.0,99252.0,2019
2312,강원,소계,143941.0,25181.0,118760.0,2019
2313,강원,강릉시,21072.0,3200.0,17872.0,2019
2314,강원,고성군,2631.0,656.0,1975.0,2019
2315,강원,동해시,7552.0,1173.0,6379.0,2019
2316,강원,삼척시,5121.0,1160.0,3961.0,2019
2317,강원,속초시,10523.0,972.0,9551.0,2019
2318,강원,양구군,2131.0,395.0,1736.0,2019
2319,강원,양양군,3025.0,522.0,2503.0,2019
2320,강원,영월군,3379.0,811.0,2568.0,2019
2321,강원,원주시,33019.0,5593.0,27426.0,2019
2322,강원,인제군,3205.0,665.0,2540.0,2019
2323,강원,정선군,3494.0,811.0,2683.0,2019
2324,강원,철원군,3210.0,693.0,2517.0,2019
2325,강원,춘천시,24395.0,4102.0,20293.0,2019
2326,강원,태백시,3235.0,681.0,2554.0,2019
2327,강원,평창군,5516.0,1151.0,4365.0,2019
2328,강원,홍천군,6323.0,1186.0,5137.0,2019
2329,강원,화천군,2040.0,415.0,1625.0,2019
2330,강원,횡성군,4070.0,995.0,3075.0,2019
2331,대전,소계,130054.0,22856.0,107198.0,2019
2332,대전,대덕구,20294.0,3486.0,16808.0,2019
2333,대전,동구,16348.0,2314.0,14034.0,2019
2334,대전,서구,39077.0,6412.0,32665.0,2019
2335,대전,유성구,32841.0,7697.0,25144.0,2019
2336,대전,중구,21494.0,2947.0,18547.0,2019
2337,충북,소계,148463.0,29051.0,119412.0,2019
2338,충북,괴산군,3335.0,990.0,2345.0,2019
2339,충북,단양군,2875.0,617.0,2258.0,2019
2340,충북,보은군,2910.0,654.0,2256.0,2019
2341,충북,영동군,3023.0,784.0,2239.0,2019
2342,충북,옥천군,5581.0,1042.0,4539.0,2019
2343,충북,음성군,13230.0,3556.0,9674.0,2019
2344,충북,제천시,12427.0,2162.0,10265.0,2019
2345,충북,증평군,3142.0,476.0,2666.0,2019
2346,충북,진천군,9245.0,2130.0,7115.0,2019
2347,충북,청원군,,,,2019
2348,충북,청주시,73898.0,13332.0,60566.0,2019
2349,충북,충주시,18797.0,3308.0,15489.0,2019
2350,충남,소계,201942.0,38388.0,163554.0,2019
2351,충남,계룡시,2150.0,432.0,1718.0,2019
2352,충남,공주시,10315.0,2045.0,8270.0,2019
2353,충남,금산군,6406.0,1519.0,4887.0,2019
2354,충남,논산시,11462.0,2134.0,9328.0,2019
2355,충남,당진시,16744.0,3353.0,13391.0,2019
2356,충남,보령시,9258.0,1866.0,7392.0,2019
2357,충남,부여군,5863.0,1308.0,4555.0,2019
2358,충남,서산시,14799.0,2395.0,12404.0,2019
2359,충남,서천군,4488.0,912.0,3576.0,2019
2360,충남,아산시,30766.0,6015.0,24751.0,2019
2361,충남,연기군,,,,2019
2362,충남,예산군,7701.0,1505.0,6196.0,2019
2363,충남,천안시,64502.0,11463.0,53039.0,2019
2364,충남,청양군,2753.0,635.0,2118.0,2019
2365,충남,태안군,5534.0,1205.0,4329.0,2019
2366,충남,홍성군,9201.0,1601.0,7600.0,2019
2367,충남,당진군,,,,2019
2368,세종,세종,35775.0,5236.0,30539.0,2019
2369,광주,소계,133636.0,29528.0,104108.0,2019
2370,광주,광산구,40187.0,8464.0,31723.0,2019
2371,광주,남구,12761.0,2563.0,10198.0,2019
2372,광주,동구,12962.0,2768.0,10194.0,2019
2373,광주,북구,34914.0,8154.0,26760.0,2019
2374,광주,서구,32812.0,7579.0,25233.0,2019
2375,전북,소계,177202.0,33656.0,143546.0,2019
2376,전북,고창군,5563.0,1232.0,4331.0,2019
2377,전북,군산시,23871.0,5016.0,18855.0,2019
2378,전북,김제시,10604.0,2150.0,8454.0,2019
2379,전북,남원시,9299.0,1542.0,7757.0,2019
2380,전북,무주군,2541.0,587.0,1954.0,2019
2381,전북,부안군,5863.0,1165.0,4698.0,2019
2382,전북,순창군,2477.0,649.0,1828.0,2019
2383,전북,완주군,10297.0,2350.0,7947.0,2019
2384,전북,익산시,26045.0,4695.0,21350.0,2019
2385,전북,임실군,3749.0,597.0,3152.0,2019
2386,전북,장수군,2426.0,559.0,1867.0,2019
2387,전북,전주시,59255.0,10427.0,48828.0,2019
2388,전북,정읍시,12947.0,2043.0,10904.0,2019
2389,전북,진안군,2265.0,644.0,1621.0,2019
2390,전남,소계,176002.0,39583.0,136419.0,2019
2391,전남,강진군,4229.0,876.0,3353.0,2019
2392,전남,고흥군,5598.0,1507.0,4091.0,2019
2393,전남,곡성군,2660.0,719.0,1941.0,2019
2394,전남,광양시,13867.0,2908.0,10959.0,2019
2395,전남,구례군,1823.0,504.0,1319.0,2019
2396,전남,나주시,15862.0,3500.0,12362.0,2019
2397,전남,담양군,5434.0,1568.0,3866.0,2019
2398,전남,목포시,19214.0,3136.0,16078.0,2019
2399,전남,무안군,8598.0,1886.0,6712.0,2019
2400,전남,보성군,3932.0,916.0,3016.0,2019
2401,전남,순천시,23625.0,3985.0,19640.0,2019
2402,전남,신안군,3536.0,983.0,2553.0,2019
2403,전남,여수시,26115.0,4212.0,21903.0,2019
2404,전남,영광군,4487.0,1345.0,3142.0,2019
2405,전남,영암군,7053.0,2325.0,4728.0,2019
2406,전남,완도군,3679.0,1172.0,2507.0,2019
2407,전남,장성군,5072.0,1779.0,3293.0,2019
2408,전남,장흥군,3246.0,1059.0,2187.0,2019
2409,전남,진도군,2475.0,732.0,1743.0,2019
2410,전남,함평군,3037.0,979.0,2058.0,2019
2411,전남,해남군,6616.0,1861.0,4755.0,2019
2412,전남,화순군,5844.0,1631.0,4213.0,2019
2413,대구,소계,220200.0,31899.0,188301.0,2019
2414,대구,남구,11195.0,1763.0,9432.0,2019
2415,대구,달서구,47262.0,6604.0,40658.0,2019
2416,대구,달성군,22786.0,3433.0,19353.0,2019
2417,대구,동구,28920.0,4356.0,24564.0,2019
2418,대구,북구,43792.0,5328.0,38464.0,2019
2419,대구,서구,16649.0,2289.0,14360.0,2019
2420,대구,수성구,28146.0,5090.0,23056.0,2019
2421,대구,중구,21450.0,3036.0,18414.0,2019
2422,경북,소계,233143.0,43373.0,189770.0,2019
2423,경북,경산시,23552.0,3989.0,19563.0,2019
2424,경북,경주시,24109.0,4736.0,19373.0,2019
2425,경북,고령군,4609.0,946.0,3663.0,2019
2426,경북,구미시,34736.0,5934.0,28802.0,2019
2427,경북,군위군,2397.0,604.0,1793.0,2019
2428,경북,김천시,10915.0,2026.0,8889.0,2019
2429,경북,문경시,5368.0,1035.0,4333.0,2019
2430,경북,봉화군,2533.0,693.0,1840.0,2019
2431,경북,상주시,9040.0,1505.0,7535.0,2019
2432,경북,성주군,6001.0,1419.0,4582.0,2019
2433,경북,안동시,14359.0,2560.0,11799.0,2019
2434,경북,영덕군,3242.0,677.0,2565.0,2019
2435,경북,영양군,1384.0,330.0,1054.0,2019
2436,경북,영주시,8872.0,1360.0,7512.0,2019
2437,경북,영천시,10880.0,2354.0,8526.0,2019
2438,경북,예천군,4163.0,715.0,3448.0,2019
2439,경북,울릉군,761.0,187.0,574.0,2019
2440,경북,울진군,3384.0,748.0,2636.0,2019
2441,경북,의성군,4295.0,940.0,3355.0,2019
2442,경북,청도군,2986.0,818.0,2168.0,2019
2443,경북,청송군,1635.0,476.0,1159.0,2019
2444,경북,칠곡군,14424.0,2768.0,11656.0,2019
2445,경북,포항시,39498.0,6553.0,32945.0,2019
2446,부산,소계,325953.0,53689.0,272264.0,2019
2447,부산,강서구,31224.0,6309.0,24915.0,2019
2448,부산,금정구,20822.0,3201.0,17621.0,2019
2449,부산,기장군,15654.0,2745.0,12909.0,2019
2450,부산,남구,19346.0,3079.0,16267.0,2019
2451,부산,동구,13985.0,2603.0,11382.0,2019
2452,부산,동래구,20255.0,2988.0,17267.0,2019
2453,부산,부산진구,35406.0,5068.0,30338.0,2019
2454,부산,북구,14155.0,1582.0,12573.0,2019
2455,부산,사상구,31305.0,4711.0,26594.0,2019
2456,부산,사하구,20567.0,3122.0,17445.0,2019
2457,부산,서구,7774.0,1564.0,6210.0,2019
2458,부산,수영구,15607.0,2128.0,13479.0,2019
2459,부산,연제구,17443.0,3144.0,14299.0,2019
2460,부산,영도구,7884.0,1223.0,6661.0,2019
2461,부산,중구,16037.0,3033.0,13004.0,2019
2462,부산,해운대구,38489.0,7189.0,31300.0,2019
2463,울산,소계,91159.0,14757.0,76402.0,2019
2464,울산,남구,33381.0,5440.0,27941.0,2019
2465,울산,동구,7152.0,918.0,6234.0,2019
2466,울산,북구,14753.0,2140.0,12613.0,2019
2467,울산,울주군,21282.0,4484.0,16798.0,2019
2468,울산,중구,14591.0,1775.0,12816.0,2019
2469,경남,소계,295302.0,48545.0,246757.0,2019
2470,경남,거제시,17115.0,2469.0,14646.0,2019
2471,경남,거창군,5146.0,1029.0,4117.0,2019
2472,경남,고성군,4156.0,1054.0,3102.0,2019
2473,경남,김해시,55894.0,9729.0,46165.0,2019
2474,경남,남해군,2888.0,535.0,2353.0,2019
2475,경남,밀양시,8955.0,1636.0,7319.0,2019
2476,경남,사천시,8511.0,1545.0,6966.0,2019
2477,경남,산청군,3165.0,854.0,2311.0,2019
2478,경남,양산시,38132.0,4895.0,33237.0,2019
2479,경남,의령군,2151.0,627.0,1524.0,2019
2480,경남,진주시,29986.0,4075.0,25911.0,2019
2481,경남,창녕군,4493.0,1128.0,3365.0,2019
2482,경남,창원시,86599.0,13186.0,73413.0,2019
2483,경남,통영시,8935.0,1196.0,7739.0,2019
2484,경남,하동군,3821.0,861.0,2960.0,2019
2485,경남,함안군,9277.0,2133.0,7144.0,2019
2486,경남,함양군,2821.0,774.0,2047.0,2019
2487,경남,합천군,3257.0,819.0,2438.0,2019
2488,제주,소계,80939.0,15190.0,65749.0,2019
2489,제주,제주시,57017.0,11688.0,45329.0,2019
2490,제주,서귀포시,23922.0,3502.0,20420.0,2019
