,지역(1),지역(2),세대,총전입,총전출,순이동,시도내이동-시군구내,시도내이동-시군구간 전입,시도내이동-시군구간 전출,시도간전입,시도간전출,연도
198,경기도,경기도,노년층,184763.0,171160.0,13603.0,63411.0,50664.0,50664.0,70688.0,57085.0,2010
199,경기도,경기도,노년층,183451.0,172187.0,11264.0,66106.0,48365.0,48365.0,68980.0,57716.0,2011
200,경기도,경기도,노년층,174492.0,165214.0,9278.0,62982.0,46312.0,46312.0,65198.0,55920.0,2012
201,경기도,경기도,노년층,180413.0,171165.0,9248.0,67293.0,46961.0,46961.0,66159.0,56911.0,2013
202,경기도,경기도,노년층,189265.0,180378.0,8887.0,71659.0,49484.0,49484.0,68122.0,59235.0,2014
203,경기도,경기도,노년층,213591.0,195031.0,18560.0,81404.0,53940.0,53940.0,78247.0,59687.0,2015
204,경기도,경기도,노년층,225333.0,203412.0,21921.0,87096.0,56728.0,56728.0,81509.0,59588.0,2016
205,경기도,경기도,노년층,222689.0,204165.0,18524.0,85460.0,58392.0,58392.0,78837.0,60313.0,2017
206,경기도,경기도,노년층,244908.0,219520.0,25388.0,92893.0,65296.0,65296.0,86719.0,61331.0,2018
207,경기도,경기도,노년층,236583.0,218327.0,18256.0,91815.0,64213.0,64213.0,80555.0,62299.0,2019
208,경기도,경기도,노년층,283391.0,262042.0,21349.0,111072.0,77975.0,77975.0,94344.0,72995.0,2020
209,경기도,경기도,중장년층,793010.0,755002.0,38008.0,319560.0,224722.0,224722.0,248728.0,210720.0,2010
210,경기도,경기도,중장년층,761193.0,743655.0,17538.0,322825.0,207696.0,207696.0,230672.0,213134.0,2011
211,경기도,경기도,중장년층,722783.0,702192.0,20591.0,298795.0,199682.0,199682.0,224306.0,203715.0,2012
212,경기도,경기도,중장년층,711439.0,695377.0,16062.0,303213.0,193344.0,193344.0,214882.0,198820.0,2013
213,경기도,경기도,중장년층,718023.0,707041.0,10982.0,306123.0,195454.0,195454.0,216446.0,205464.0,2014
214,경기도,경기도,중장년층,769820.0,743580.0,26240.0,329637.0,208507.0,208507.0,231676.0,205436.0,2015
215,경기도,경기도,중장년층,762359.0,719729.0,42630.0,320079.0,204400.0,204400.0,237880.0,195250.0,2016
216,경기도,경기도,중장년층,737203.0,698159.0,39044.0,302994.0,206111.0,206111.0,228098.0,189054.0,2017
217,경기도,경기도,중장년층,800688.0,736962.0,63726.0,323011.0,230543.0,230543.0,247134.0,183408.0,2018
218,경기도,경기도,중장년층,751682.0,702796.0,48886.0,301686.0,220251.0,220251.0,229745.0,180859.0,2019
219,경기도,경기도,중장년층,828380.0,767200.0,61180.0,339603.0,235855.0,235855.0,252922.0,191742.0,2020
220,경기도,경기도,청년층,681274.0,615078.0,66196.0,224370.0,185041.0,185041.0,271863.0,205667.0,2010
221,경기도,경기도,청년층,638133.0,599393.0,38740.0,222803.0,170906.0,170906.0,244424.0,205684.0,2011
222,경기도,경기도,청년층,605106.0,563882.0,41224.0,205620.0,162872.0,162872.0,236614.0,195390.0,2012
223,경기도,경기도,청년층,580180.0,543078.0,37102.0,202269.0,155002.0,155002.0,222909.0,185807.0,2013
224,경기도,경기도,청년층,580624.0,549399.0,31225.0,204359.0,154797.0,154797.0,221468.0,190243.0,2014
225,경기도,경기도,청년층,598958.0,560775.0,38183.0,213418.0,159176.0,159176.0,226364.0,188181.0,2015
226,경기도,경기도,청년층,586764.0,539435.0,47329.0,204628.0,154341.0,154341.0,227795.0,180466.0,2016
227,경기도,경기도,청년층,568992.0,530291.0,38701.0,194521.0,155468.0,155468.0,219003.0,180302.0,2017
228,경기도,경기도,청년층,610910.0,561150.0,49760.0,207119.0,171925.0,171925.0,231866.0,182106.0,2018
229,경기도,경기도,청년층,606646.0,559857.0,46789.0,202446.0,172834.0,172834.0,231366.0,184577.0,2019
230,경기도,경기도,청년층,678024.0,616390.0,61634.0,231238.0,190904.0,190904.0,255882.0,194248.0,2020
1089,서울특별시,서울특별시,노년층,151447.0,170842.0,-19395.0,44267.0,56963.0,56963.0,50217.0,69612.0,2010
1090,서울특별시,서울특별시,노년층,156555.0,179154.0,-22599.0,49105.0,59769.0,59769.0,47681.0,70280.0,2011
1091,서울특별시,서울특별시,노년층,141516.0,162217.0,-20701.0,43372.0,52956.0,52956.0,45188.0,65889.0,2012
1092,서울특별시,서울특별시,노년층,147048.0,167804.0,-20756.0,45439.0,55627.0,55627.0,45982.0,66738.0,2013
1093,서울특별시,서울특별시,노년층,160162.0,181410.0,-21248.0,52860.0,60226.0,60226.0,47076.0,68324.0,2014
1094,서울특별시,서울특별시,노년층,173984.0,205659.0,-31675.0,62225.0,65458.0,65458.0,46301.0,77976.0,2015
1095,서울특별시,서울특별시,노년층,173007.0,206087.0,-33080.0,62220.0,64795.0,64795.0,45992.0,79072.0,2016
1096,서울특별시,서울특별시,노년층,169728.0,200178.0,-30450.0,59386.0,64268.0,64268.0,46074.0,76524.0,2017
1097,서울특별시,서울특별시,노년층,171633.0,204572.0,-32939.0,59183.0,64571.0,64571.0,47879.0,80818.0,2018
1098,서울특별시,서울특별시,노년층,166654.0,189593.0,-22939.0,56194.0,61119.0,61119.0,49341.0,72280.0,2019
1099,서울특별시,서울특별시,노년층,193389.0,221399.0,-28010.0,64117.0,72059.0,72059.0,57213.0,85223.0,2020
1100,서울특별시,서울특별시,중장년층,626547.0,684077.0,-57530.0,202618.0,251580.0,251580.0,172349.0,229879.0,2010
1101,서울특별시,서울특별시,중장년층,626323.0,685657.0,-59334.0,214618.0,249889.0,249889.0,161816.0,221150.0,2011
1102,서울특별시,서울특별시,중장년층,560151.0,619551.0,-59400.0,186917.0,221550.0,221550.0,151684.0,211084.0,2012
1103,서울특별시,서울특별시,중장년층,552537.0,607829.0,-55292.0,186184.0,218646.0,218646.0,147707.0,202999.0,2013
1104,서울특별시,서울특별시,중장년층,574010.0,627899.0,-53889.0,198047.0,226733.0,226733.0,149230.0,203119.0,2014
1105,서울특별시,서울특별시,중장년층,590416.0,663601.0,-73185.0,212640.0,232368.0,232368.0,145408.0,218593.0,2015
1106,서울특별시,서울특별시,중장년층,559291.0,637839.0,-78548.0,197773.0,220375.0,220375.0,141143.0,219691.0,2016
1107,서울특별시,서울특별시,중장년층,539896.0,604680.0,-64784.0,184544.0,215974.0,215974.0,139378.0,204162.0,2017
1108,서울특별시,서울특별시,중장년층,515672.0,591914.0,-76242.0,173142.0,206475.0,206475.0,136055.0,212297.0,2018
1109,서울특별시,서울특별시,중장년층,499548.0,553619.0,-54071.0,160755.0,200871.0,200871.0,137922.0,191993.0,2019
1110,서울특별시,서울특별시,중장년층,552734.0,612186.0,-59452.0,175494.0,228414.0,228414.0,148826.0,208278.0,2020
1111,서울특별시,서울특별시,청년층,604848.0,619566.0,-14718.0,143102.0,241244.0,241244.0,220502.0,235220.0,2010
1112,서울특별시,서울특별시,청년층,592232.0,600724.0,-8492.0,144905.0,235279.0,235279.0,212048.0,220540.0,2011
1113,서울특별시,서울특별시,청년층,555086.0,556383.0,-1297.0,129389.0,214815.0,214815.0,210882.0,212179.0,2012
1114,서울특별시,서울특별시,청년층,533150.0,536119.0,-2969.0,126378.0,207376.0,207376.0,199396.0,202365.0,2013
1115,서울특별시,서울특별시,청년층,552428.0,547875.0,4553.0,132752.0,212511.0,212511.0,207165.0,202612.0,2014
1116,서울특별시,서울특별시,청년층,550882.0,558592.0,-7710.0,137450.0,212096.0,212096.0,201336.0,209046.0,2015
1117,서울특별시,서울특별시,청년층,534652.0,535893.0,-1241.0,128172.0,202296.0,202296.0,204184.0,205425.0,2016
1118,서울특별시,서울특별시,청년층,530931.0,515498.0,15433.0,121335.0,202214.0,202214.0,207382.0,191949.0,2017
1119,서울특별시,서울특별시,청년층,540130.0,517838.0,22292.0,117861.0,204362.0,204362.0,217907.0,195615.0,2018
1120,서울특별시,서울특별시,청년층,553590.0,516887.0,36703.0,116700.0,209420.0,209420.0,227470.0,190767.0,2019
1121,서울특별시,서울특별시,청년층,614152.0,580123.0,34029.0,127825.0,243432.0,243432.0,242895.0,208866.0,2020
165,강원도,강원도,노년층,23358.0,22213.0,1145.0,10452.0,3683.0,3683.0,9223.0,8078.0,2010
166,강원도,강원도,노년층,22823.0,21624.0,1199.0,10380.0,3547.0,3547.0,8896.0,7697.0,2011
167,강원도,강원도,노년층,23194.0,21836.0,1358.0,10461.0,3575.0,3575.0,9158.0,7800.0,2012
168,강원도,강원도,노년층,23096.0,21507.0,1589.0,10553.0,3596.0,3596.0,8947.0,7358.0,2013
169,강원도,강원도,노년층,24654.0,23217.0,1437.0,11829.0,3591.0,3591.0,9234.0,7797.0,2014
170,강원도,강원도,노년층,24900.0,23263.0,1637.0,11451.0,3709.0,3709.0,9740.0,8103.0,2015
171,강원도,강원도,노년층,27018.0,25299.0,1719.0,12784.0,4044.0,4044.0,10190.0,8471.0,2016
172,강원도,강원도,노년층,27308.0,25144.0,2164.0,12392.0,4321.0,4321.0,10595.0,8431.0,2017
173,강원도,강원도,노년층,29591.0,28047.0,1544.0,14432.0,4431.0,4431.0,10728.0,9184.0,2018
174,강원도,강원도,노년층,29525.0,27550.0,1975.0,14306.0,4247.0,4247.0,10972.0,8997.0,2019
175,강원도,강원도,노년층,32512.0,29178.0,3334.0,15377.0,4410.0,4410.0,12725.0,9391.0,2020
176,강원도,강원도,중장년층,87709.0,84525.0,3184.0,42242.0,15306.0,15306.0,30161.0,26977.0,2010
177,강원도,강원도,중장년층,85521.0,81177.0,4344.0,40714.0,14744.0,14744.0,30063.0,25719.0,2011
178,강원도,강원도,중장년층,82624.0,79420.0,3204.0,39427.0,13831.0,13831.0,29366.0,26162.0,2012
179,강원도,강원도,중장년층,79664.0,76071.0,3593.0,38228.0,13580.0,13580.0,27856.0,24263.0,2013
180,강원도,강원도,중장년층,85467.0,81953.0,3514.0,42832.0,14087.0,14087.0,28548.0,25034.0,2014
181,강원도,강원도,중장년층,85761.0,81383.0,4378.0,40987.0,14642.0,14642.0,30132.0,25754.0,2015
182,강원도,강원도,중장년층,85993.0,81306.0,4687.0,41250.0,14925.0,14925.0,29818.0,25131.0,2016
183,강원도,강원도,중장년층,80661.0,76367.0,4294.0,36858.0,14962.0,14962.0,28841.0,24547.0,2017
184,강원도,강원도,중장년층,83005.0,80421.0,2584.0,41314.0,14039.0,14039.0,27652.0,25068.0,2018
185,강원도,강원도,중장년층,82676.0,78361.0,4315.0,42398.0,12742.0,12742.0,27536.0,23221.0,2019
186,강원도,강원도,중장년층,84414.0,78795.0,5619.0,42206.0,12939.0,12939.0,29269.0,23650.0,2020
187,강원도,강원도,청년층,72445.0,76591.0,-4146.0,27650.0,13602.0,13602.0,31193.0,35339.0,2010
188,강원도,강원도,청년층,69769.0,72589.0,-2820.0,26066.0,12937.0,12937.0,30766.0,33586.0,2011
189,강원도,강원도,청년층,66022.0,70984.0,-4962.0,24862.0,12105.0,12105.0,29055.0,34017.0,2012
190,강원도,강원도,청년층,63879.0,67424.0,-3545.0,23593.0,11640.0,11640.0,28646.0,32191.0,2013
191,강원도,강원도,청년층,66079.0,70370.0,-4291.0,24974.0,11908.0,11908.0,29197.0,33488.0,2014
192,강원도,강원도,청년층,68056.0,70302.0,-2246.0,23813.0,12268.0,12268.0,31975.0,34221.0,2015
193,강원도,강원도,청년층,64824.0,70055.0,-5231.0,23958.0,12143.0,12143.0,28723.0,33954.0,2016
194,강원도,강원도,청년층,62507.0,67044.0,-4537.0,22069.0,11875.0,11875.0,28563.0,33100.0,2017
195,강원도,강원도,청년층,62043.0,70020.0,-7977.0,24574.0,11455.0,11455.0,26014.0,33991.0,2018
196,강원도,강원도,청년층,63979.0,69554.0,-5575.0,25267.0,11232.0,11232.0,27480.0,33055.0,2019
197,강원도,강원도,청년층,67231.0,71677.0,-4446.0,26526.0,11725.0,11725.0,28980.0,33426.0,2020
231,경상남도,경상남도,노년층,41362.0,39347.0,2015.0,17532.0,9537.0,9537.0,14293.0,12278.0,2010
232,경상남도,경상남도,노년층,41973.0,39546.0,2427.0,18791.0,8270.0,8270.0,14912.0,12485.0,2011
233,경상남도,경상남도,노년층,38431.0,36842.0,1589.0,16752.0,7874.0,7874.0,13805.0,12216.0,2012
234,경상남도,경상남도,노년층,39454.0,37338.0,2116.0,17593.0,7721.0,7721.0,14140.0,12024.0,2013
235,경상남도,경상남도,노년층,44834.0,42357.0,2477.0,21315.0,8386.0,8386.0,15133.0,12656.0,2014
236,경상남도,경상남도,노년층,46600.0,43901.0,2699.0,21479.0,8940.0,8940.0,16181.0,13482.0,2015
237,경상남도,경상남도,노년층,46919.0,43822.0,3097.0,21725.0,9073.0,9073.0,16121.0,13024.0,2016
238,경상남도,경상남도,노년층,48446.0,44451.0,3995.0,21750.0,9260.0,9260.0,17436.0,13441.0,2017
239,경상남도,경상남도,노년층,48756.0,45838.0,2918.0,22858.0,9604.0,9604.0,16294.0,13376.0,2018
240,경상남도,경상남도,노년층,49455.0,47227.0,2228.0,23933.0,9520.0,9520.0,16002.0,13774.0,2019
241,경상남도,경상남도,노년층,55973.0,53156.0,2817.0,27245.0,10407.0,10407.0,18321.0,15504.0,2020
242,경상남도,경상남도,중장년층,173692.0,169174.0,4518.0,86725.0,37854.0,37854.0,49113.0,44595.0,2010
243,경상남도,경상남도,중장년층,172346.0,167215.0,5131.0,89335.0,32838.0,32838.0,50173.0,45042.0,2011
244,경상남도,경상남도,중장년층,150766.0,147807.0,2959.0,75108.0,30142.0,30142.0,45516.0,42557.0,2012
245,경상남도,경상남도,중장년층,156922.0,151207.0,5715.0,81371.0,29422.0,29422.0,46129.0,40414.0,2013
246,경상남도,경상남도,중장년층,175297.0,168441.0,6856.0,93383.0,31545.0,31545.0,50369.0,43513.0,2014
247,경상남도,경상남도,중장년층,174233.0,167970.0,6263.0,89880.0,32766.0,32766.0,51587.0,45324.0,2015
248,경상남도,경상남도,중장년층,158493.0,152321.0,6172.0,79977.0,29880.0,29880.0,48636.0,42464.0,2016
249,경상남도,경상남도,중장년층,161839.0,154729.0,7110.0,81940.0,29416.0,29416.0,50483.0,43373.0,2017
250,경상남도,경상남도,중장년층,152986.0,149113.0,3873.0,79680.0,28403.0,28403.0,44903.0,41030.0,2018
251,경상남도,경상남도,중장년층,155798.0,152289.0,3509.0,83778.0,28488.0,28488.0,43532.0,40023.0,2019
252,경상남도,경상남도,중장년층,156915.0,156057.0,858.0,84293.0,28537.0,28537.0,44085.0,43227.0,2020
253,경상남도,경상남도,청년층,154943.0,157144.0,-2201.0,62881.0,36051.0,36051.0,56011.0,58212.0,2010
254,경상남도,경상남도,청년층,152364.0,154003.0,-1639.0,66278.0,30407.0,30407.0,55679.0,57318.0,2011
255,경상남도,경상남도,청년층,135143.0,139882.0,-4739.0,56666.0,27646.0,27646.0,50831.0,55570.0,2012
256,경상남도,경상남도,청년층,137679.0,140570.0,-2891.0,59759.0,26910.0,26910.0,51010.0,53901.0,2013
257,경상남도,경상남도,청년층,144086.0,147118.0,-3032.0,64366.0,26773.0,26773.0,52947.0,55979.0,2014
258,경상남도,경상남도,청년층,141438.0,144632.0,-3194.0,61882.0,26710.0,26710.0,52846.0,56040.0,2015
259,경상남도,경상남도,청년층,127501.0,133926.0,-6425.0,53771.0,24575.0,24575.0,49155.0,55580.0,2016
260,경상남도,경상남도,청년층,123326.0,131456.0,-8130.0,52026.0,23498.0,23498.0,47802.0,55932.0,2017
261,경상남도,경상남도,청년층,116424.0,127541.0,-11117.0,49952.0,22297.0,22297.0,44175.0,55292.0,2018
262,경상남도,경상남도,청년층,118756.0,131812.0,-13056.0,50910.0,23222.0,23222.0,44624.0,57680.0,2019
263,경상남도,경상남도,청년층,122578.0,140512.0,-17934.0,53127.0,24127.0,24127.0,45324.0,63258.0,2020
264,경상북도,경상북도,노년층,33394.0,32531.0,863.0,13714.0,5218.0,5218.0,14462.0,13599.0,2010
265,경상북도,경상북도,노년층,34313.0,32596.0,1717.0,13862.0,5270.0,5270.0,15181.0,13464.0,2011
266,경상북도,경상북도,노년층,34046.0,32754.0,1292.0,13849.0,5265.0,5265.0,14932.0,13640.0,2012
267,경상북도,경상북도,노년층,34386.0,32512.0,1874.0,14059.0,5187.0,5187.0,15140.0,13266.0,2013
268,경상북도,경상북도,노년층,37670.0,35405.0,2265.0,15407.0,5694.0,5694.0,16569.0,14304.0,2014
269,경상북도,경상북도,노년층,38912.0,37147.0,1765.0,16226.0,6156.0,6156.0,16530.0,14765.0,2015
270,경상북도,경상북도,노년층,36957.0,34880.0,2077.0,15367.0,5524.0,5524.0,16066.0,13989.0,2016
271,경상북도,경상북도,노년층,37990.0,35722.0,2268.0,15962.0,5829.0,5829.0,16199.0,13931.0,2017
272,경상북도,경상북도,노년층,41054.0,39059.0,1995.0,17581.0,6395.0,6395.0,17078.0,15083.0,2018
273,경상북도,경상북도,노년층,42041.0,39055.0,2986.0,17552.0,6697.0,6697.0,17792.0,14806.0,2019
274,경상북도,경상북도,노년층,47594.0,44633.0,2961.0,20296.0,7587.0,7587.0,19711.0,16750.0,2020
275,경상북도,경상북도,중장년층,126096.0,122318.0,3778.0,59294.0,20231.0,20231.0,46571.0,42793.0,2010
276,경상북도,경상북도,중장년층,130020.0,123073.0,6947.0,61314.0,20639.0,20639.0,48067.0,41120.0,2011
277,경상북도,경상북도,중장년층,121274.0,117080.0,4194.0,55720.0,19535.0,19535.0,46019.0,41825.0,2012
278,경상북도,경상북도,중장년층,120308.0,115267.0,5041.0,55297.0,19669.0,19669.0,45342.0,40301.0,2013
279,경상북도,경상북도,중장년층,127998.0,121538.0,6460.0,56425.0,20685.0,20685.0,50888.0,44428.0,2014
280,경상북도,경상북도,중장년층,131667.0,125651.0,6016.0,58051.0,23100.0,23100.0,50516.0,44500.0,2015
281,경상북도,경상북도,중장년층,120173.0,114857.0,5316.0,54848.0,20675.0,20675.0,44650.0,39334.0,2016
282,경상북도,경상북도,중장년층,119873.0,115462.0,4411.0,56141.0,20485.0,20485.0,43247.0,38836.0,2017
283,경상북도,경상북도,중장년층,119946.0,116644.0,3302.0,55907.0,21139.0,21139.0,42900.0,39598.0,2018
284,경상북도,경상북도,중장년층,116886.0,111667.0,5219.0,53114.0,20674.0,20674.0,43098.0,37879.0,2019
285,경상북도,경상북도,중장년층,121635.0,120843.0,792.0,56375.0,22222.0,22222.0,43038.0,42246.0,2020
286,경상북도,경상북도,청년층,116737.0,122899.0,-6162.0,44230.0,20741.0,20741.0,51766.0,57928.0,2010
287,경상북도,경상북도,청년층,118766.0,122369.0,-3603.0,45562.0,21423.0,21423.0,51781.0,55384.0,2011
288,경상북도,경상북도,청년층,108563.0,116925.0,-8362.0,40923.0,19761.0,19761.0,47879.0,56241.0,2012
289,경상북도,경상북도,청년층,106571.0,113677.0,-7106.0,40721.0,19389.0,19389.0,46461.0,53567.0,2013
290,경상북도,경상북도,청년층,106563.0,114249.0,-7686.0,39131.0,19146.0,19146.0,48286.0,55972.0,2014
291,경상북도,경상북도,청년층,108662.0,115839.0,-7177.0,39565.0,20378.0,20378.0,48719.0,55896.0,2015
292,경상북도,경상북도,청년층,99001.0,108568.0,-9567.0,36797.0,18634.0,18634.0,43570.0,53137.0,2016
293,경상북도,경상북도,청년층,95049.0,105092.0,-10043.0,36081.0,16906.0,16906.0,42062.0,52105.0,2017
294,경상북도,경상북도,청년층,93790.0,105559.0,-11769.0,34873.0,17157.0,17157.0,41760.0,53529.0,2018
295,경상북도,경상북도,청년층,95240.0,106635.0,-11395.0,33824.0,17664.0,17664.0,43752.0,55147.0,2019
296,경상북도,경상북도,청년층,98835.0,116975.0,-18140.0,36065.0,19265.0,19265.0,43505.0,61645.0,2020
429,광주광역시,광주광역시,노년층,25239.0,24401.0,838.0,7407.0,9034.0,9034.0,8798.0,7960.0,2010
430,광주광역시,광주광역시,노년층,25508.0,24682.0,826.0,7913.0,8913.0,8913.0,8682.0,7856.0,2011
431,광주광역시,광주광역시,노년층,23243.0,22561.0,682.0,7110.0,7820.0,7820.0,8313.0,7631.0,2012
432,광주광역시,광주광역시,노년층,22831.0,22438.0,393.0,7556.0,7593.0,7593.0,7682.0,7289.0,2013
433,광주광역시,광주광역시,노년층,25281.0,24931.0,350.0,8283.0,8321.0,8321.0,8677.0,8327.0,2014
434,광주광역시,광주광역시,노년층,24688.0,24719.0,-31.0,8416.0,8119.0,8119.0,8153.0,8184.0,2015
435,광주광역시,광주광역시,노년층,24035.0,24100.0,-65.0,8097.0,8215.0,8215.0,7723.0,7788.0,2016
436,광주광역시,광주광역시,노년층,24425.0,24645.0,-220.0,8580.0,8225.0,8225.0,7620.0,7840.0,2017
437,광주광역시,광주광역시,노년층,28873.0,29246.0,-373.0,10942.0,9530.0,9530.0,8401.0,8774.0,2018
438,광주광역시,광주광역시,노년층,27998.0,28281.0,-283.0,9841.0,9932.0,9932.0,8225.0,8508.0,2019
439,광주광역시,광주광역시,노년층,28857.0,30044.0,-1187.0,11003.0,9970.0,9970.0,7884.0,9071.0,2020
440,광주광역시,광주광역시,중장년층,92918.0,91333.0,1585.0,32515.0,32909.0,32909.0,27494.0,25909.0,2010
441,광주광역시,광주광역시,중장년층,90385.0,90064.0,321.0,33642.0,30951.0,30951.0,25792.0,25471.0,2011
442,광주광역시,광주광역시,중장년층,80147.0,80231.0,-84.0,28992.0,26275.0,26275.0,24880.0,24964.0,2012
443,광주광역시,광주광역시,중장년층,79933.0,80987.0,-1054.0,30410.0,26261.0,26261.0,23262.0,24316.0,2013
444,광주광역시,광주광역시,중장년층,89112.0,89509.0,-397.0,32426.0,29041.0,29041.0,27645.0,28042.0,2014
445,광주광역시,광주광역시,중장년층,82581.0,85222.0,-2641.0,30001.0,26730.0,26730.0,25850.0,28491.0,2015
446,광주광역시,광주광역시,중장년층,78368.0,81127.0,-2759.0,29888.0,26041.0,26041.0,22439.0,25198.0,2016
447,광주광역시,광주광역시,중장년층,77087.0,80020.0,-2933.0,29270.0,25687.0,25687.0,22130.0,25063.0,2017
448,광주광역시,광주광역시,중장년층,81257.0,83370.0,-2113.0,31288.0,26769.0,26769.0,23200.0,25313.0,2018
449,광주광역시,광주광역시,중장년층,79398.0,80360.0,-962.0,29030.0,28217.0,28217.0,22151.0,23113.0,2019
450,광주광역시,광주광역시,중장년층,81758.0,83753.0,-1995.0,31027.0,29061.0,29061.0,21670.0,23665.0,2020
451,광주광역시,광주광역시,청년층,84784.0,86157.0,-1373.0,24439.0,29193.0,29193.0,31152.0,32525.0,2010
452,광주광역시,광주광역시,청년층,82092.0,83433.0,-1341.0,24950.0,27494.0,27494.0,29648.0,30989.0,2011
453,광주광역시,광주광역시,청년층,72511.0,75801.0,-3290.0,21380.0,23241.0,23241.0,27890.0,31180.0,2012
454,광주광역시,광주광역시,청년층,71417.0,74237.0,-2820.0,22102.0,23167.0,23167.0,26148.0,28968.0,2013
455,광주광역시,광주광역시,청년층,74921.0,78547.0,-3626.0,22825.0,24165.0,24165.0,27931.0,31557.0,2014
456,광주광역시,광주광역시,청년층,70581.0,76456.0,-5875.0,21619.0,22392.0,22392.0,26570.0,32445.0,2015
457,광주광역시,광주광역시,청년층,67280.0,71590.0,-4310.0,20926.0,20916.0,20916.0,25438.0,29748.0,2016
458,광주광역시,광주광역시,청년층,65121.0,69936.0,-4815.0,20084.0,20446.0,20446.0,24591.0,29406.0,2017
459,광주광역시,광주광역시,청년층,68709.0,72442.0,-3733.0,21277.0,21019.0,21019.0,26413.0,30146.0,2018
460,광주광역시,광주광역시,청년층,71090.0,73910.0,-2820.0,20778.0,23267.0,23267.0,27045.0,29865.0,2019
461,광주광역시,광주광역시,청년층,77372.0,80401.0,-3029.0,23517.0,25443.0,25443.0,28412.0,31441.0,2020
759,대구광역시,대구광역시,노년층,33925.0,34516.0,-591.0,11445.0,13315.0,13315.0,9165.0,9756.0,2010
760,대구광역시,대구광역시,노년층,35417.0,36168.0,-751.0,12115.0,14104.0,14104.0,9198.0,9949.0,2011
761,대구광역시,대구광역시,노년층,34970.0,35469.0,-499.0,11779.0,13782.0,13782.0,9409.0,9908.0,2012
762,대구광역시,대구광역시,노년층,36919.0,37789.0,-870.0,13035.0,14307.0,14307.0,9577.0,10447.0,2013
763,대구광역시,대구광역시,노년층,39141.0,40667.0,-1526.0,13701.0,15260.0,15260.0,10180.0,11706.0,2014
764,대구광역시,대구광역시,노년층,40992.0,42859.0,-1867.0,14823.0,16629.0,16629.0,9540.0,11407.0,2015
765,대구광역시,대구광역시,노년층,37946.0,39187.0,-1241.0,12755.0,15930.0,15930.0,9261.0,10502.0,2016
766,대구광역시,대구광역시,노년층,39202.0,41137.0,-1935.0,13510.0,16590.0,16590.0,9102.0,11037.0,2017
767,대구광역시,대구광역시,노년층,43807.0,45711.0,-1904.0,16019.0,17896.0,17896.0,9892.0,11796.0,2018
768,대구광역시,대구광역시,노년층,45851.0,48894.0,-3043.0,17111.0,19293.0,19293.0,9447.0,12490.0,2019
769,대구광역시,대구광역시,노년층,50781.0,53675.0,-2894.0,18852.0,20923.0,20923.0,11006.0,13900.0,2020
770,대구광역시,대구광역시,중장년층,140064.0,143095.0,-3031.0,54889.0,52862.0,52862.0,32313.0,35344.0,2010
771,대구광역시,대구광역시,중장년층,139646.0,143238.0,-3592.0,56106.0,52013.0,52013.0,31527.0,35119.0,2011
772,대구광역시,대구광역시,중장년층,132432.0,134852.0,-2420.0,51309.0,48898.0,48898.0,32225.0,34645.0,2012
773,대구광역시,대구광역시,중장년층,135122.0,137712.0,-2590.0,53110.0,49140.0,49140.0,32872.0,35462.0,2013
774,대구광역시,대구광역시,중장년층,136508.0,141375.0,-4867.0,51868.0,49625.0,49625.0,35015.0,39882.0,2014
775,대구광역시,대구광역시,중장년층,137484.0,141340.0,-3856.0,53652.0,51688.0,51688.0,32144.0,36000.0,2015
776,대구광역시,대구광역시,중장년층,126895.0,130176.0,-3281.0,46550.0,50794.0,50794.0,29551.0,32832.0,2016
777,대구광역시,대구광역시,중장년층,124775.0,129118.0,-4343.0,45606.0,50679.0,50679.0,28490.0,32833.0,2017
778,대구광역시,대구광역시,중장년층,123897.0,128827.0,-4930.0,46593.0,48870.0,48870.0,28434.0,33364.0,2018
779,대구광역시,대구광역시,중장년층,118587.0,126255.0,-7668.0,45756.0,46622.0,46622.0,26209.0,33877.0,2019
780,대구광역시,대구광역시,중장년층,130256.0,135943.0,-5687.0,49679.0,51671.0,51671.0,28906.0,34593.0,2020
781,대구광역시,대구광역시,청년층,108350.0,116877.0,-8527.0,33051.0,39548.0,39548.0,35751.0,44278.0,2010
782,대구광역시,대구광역시,청년층,107882.0,116461.0,-8579.0,33434.0,39600.0,39600.0,34848.0,43427.0,2011
783,대구광역시,대구광역시,청년층,102516.0,110684.0,-8168.0,30597.0,37307.0,37307.0,34612.0,42780.0,2012
784,대구광역시,대구광역시,청년층,102658.0,110691.0,-8033.0,31666.0,36738.0,36738.0,34254.0,42287.0,2013
785,대구광역시,대구광역시,청년층,102319.0,111090.0,-8771.0,29976.0,36371.0,36371.0,35972.0,44743.0,2014
786,대구광역시,대구광역시,청년층,104065.0,111022.0,-6957.0,31281.0,37105.0,37105.0,35679.0,42636.0,2015
787,대구광역시,대구광역시,청년층,99096.0,104357.0,-5261.0,27423.0,37046.0,37046.0,34627.0,39888.0,2016
788,대구광역시,대구광역시,청년층,97786.0,103457.0,-5671.0,26969.0,36614.0,36614.0,34203.0,39874.0,2017
789,대구광역시,대구광역시,청년층,98136.0,104590.0,-6454.0,27618.0,35664.0,35664.0,34854.0,41308.0,2018
790,대구광역시,대구광역시,청년층,96790.0,107949.0,-11159.0,27434.0,35349.0,35349.0,34007.0,45166.0,2019
791,대구광역시,대구광역시,청년층,111806.0,118692.0,-6886.0,30849.0,41083.0,41083.0,39874.0,46760.0,2020
792,대전광역시,대전광역시,노년층,22189.0,22109.0,80.0,6950.0,8135.0,8135.0,7104.0,7024.0,2010
793,대전광역시,대전광역시,노년층,22353.0,21964.0,389.0,7006.0,7949.0,7949.0,7398.0,7009.0,2011
794,대전광역시,대전광역시,노년층,19811.0,19564.0,247.0,5737.0,7032.0,7032.0,7042.0,6795.0,2012
795,대전광역시,대전광역시,노년층,20414.0,20330.0,84.0,6328.0,7232.0,7232.0,6854.0,6770.0,2013
796,대전광역시,대전광역시,노년층,21400.0,21665.0,-265.0,6459.0,7798.0,7798.0,7143.0,7408.0,2014
797,대전광역시,대전광역시,노년층,21444.0,22607.0,-1163.0,6782.0,7546.0,7546.0,7116.0,8279.0,2015
798,대전광역시,대전광역시,노년층,22446.0,23324.0,-878.0,7094.0,8147.0,8147.0,7205.0,8083.0,2016
799,대전광역시,대전광역시,노년층,22186.0,23568.0,-1382.0,7091.0,7693.0,7693.0,7402.0,8784.0,2017
800,대전광역시,대전광역시,노년층,24299.0,25542.0,-1243.0,7961.0,8535.0,8535.0,7803.0,9046.0,2018
801,대전광역시,대전광역시,노년층,24986.0,26871.0,-1885.0,8426.0,8972.0,8972.0,7588.0,9473.0,2019
802,대전광역시,대전광역시,노년층,28579.0,30548.0,-1969.0,10010.0,10409.0,10409.0,8160.0,10129.0,2020
803,대전광역시,대전광역시,중장년층,92013.0,93349.0,-1336.0,31151.0,33730.0,33730.0,27132.0,28468.0,2010
804,대전광역시,대전광역시,중장년층,93802.0,93391.0,411.0,31940.0,33612.0,33612.0,28250.0,27839.0,2011
805,대전광역시,대전광역시,중장년층,84633.0,85435.0,-802.0,26720.0,30371.0,30371.0,27542.0,28344.0,2012
806,대전광역시,대전광역시,중장년층,81670.0,82526.0,-856.0,27320.0,28585.0,28585.0,25765.0,26621.0,2013
807,대전광역시,대전광역시,중장년층,86244.0,90480.0,-4236.0,28119.0,32047.0,32047.0,26078.0,30314.0,2014
808,대전광역시,대전광역시,중장년층,79508.0,88518.0,-9010.0,26247.0,27580.0,27580.0,25681.0,34691.0,2015
809,대전광역시,대전광역시,중장년층,78468.0,84166.0,-5698.0,26144.0,27464.0,27464.0,24860.0,30558.0,2016
810,대전광역시,대전광역시,중장년층,75578.0,83012.0,-7434.0,24804.0,26026.0,26026.0,24748.0,32182.0,2017
811,대전광역시,대전광역시,중장년층,75647.0,82287.0,-6640.0,25074.0,26025.0,26025.0,24548.0,31188.0,2018
812,대전광역시,대전광역시,중장년층,73553.0,80653.0,-7100.0,24703.0,25428.0,25428.0,23422.0,30522.0,2019
813,대전광역시,대전광역시,중장년층,80108.0,85657.0,-5549.0,27704.0,28534.0,28534.0,23870.0,29419.0,2020
814,대전광역시,대전광역시,청년층,87841.0,88415.0,-574.0,23854.0,29904.0,29904.0,34083.0,34657.0,2010
815,대전광역시,대전광역시,청년층,87308.0,86616.0,692.0,24072.0,28687.0,28687.0,34549.0,33857.0,2011
816,대전광역시,대전광역시,청년층,81344.0,81392.0,-48.0,20728.0,26061.0,26061.0,34555.0,34603.0,2012
817,대전광역시,대전광역시,청년층,78010.0,78086.0,-76.0,20455.0,24570.0,24570.0,32985.0,33061.0,2013
818,대전광역시,대전광역시,청년층,80503.0,82903.0,-2400.0,20870.0,26044.0,26044.0,33589.0,35989.0,2014
819,대전광역시,대전광역시,청년층,76495.0,81162.0,-4667.0,19637.0,22989.0,22989.0,33869.0,38536.0,2015
820,대전광역시,대전광역시,청년층,77646.0,79290.0,-1644.0,19962.0,22935.0,22935.0,34749.0,36393.0,2016
821,대전광역시,대전광역시,청년층,75392.0,78720.0,-3328.0,18836.0,22122.0,22122.0,34434.0,37762.0,2017
822,대전광역시,대전광역시,청년층,76980.0,80557.0,-3577.0,19660.0,22625.0,22625.0,34695.0,38272.0,2018
823,대전광역시,대전광역시,청년층,79814.0,83997.0,-4183.0,20431.0,23554.0,23554.0,35829.0,40012.0,2019
824,대전광역시,대전광역시,청년층,88260.0,90034.0,-1774.0,22644.0,27010.0,27010.0,38606.0,40380.0,2020
990,부산광역시,부산광역시,노년층,52279.0,54937.0,-2658.0,16436.0,23615.0,23615.0,12228.0,14886.0,2010
991,부산광역시,부산광역시,노년층,53820.0,56949.0,-3129.0,17824.0,23483.0,23483.0,12513.0,15642.0,2011
992,부산광역시,부산광역시,노년층,50117.0,52119.0,-2002.0,16620.0,21409.0,21409.0,12088.0,14090.0,2012
993,부산광역시,부산광역시,노년층,53943.0,56493.0,-2550.0,18194.0,23645.0,23645.0,12104.0,14654.0,2013
994,부산광역시,부산광역시,노년층,58416.0,61266.0,-2850.0,19768.0,25146.0,25146.0,13502.0,16352.0,2014
995,부산광역시,부산광역시,노년층,64060.0,67393.0,-3333.0,22287.0,28292.0,28292.0,13481.0,16814.0,2015
996,부산광역시,부산광역시,노년층,62861.0,67561.0,-4700.0,22623.0,27631.0,27631.0,12607.0,17307.0,2016
997,부산광역시,부산광역시,노년층,62809.0,67495.0,-4686.0,22580.0,26820.0,26820.0,13409.0,18095.0,2017
998,부산광역시,부산광역시,노년층,60994.0,65556.0,-4562.0,21787.0,27031.0,27031.0,12176.0,16738.0,2018
999,부산광역시,부산광역시,노년층,60485.0,64401.0,-3916.0,21377.0,26802.0,26802.0,12306.0,16222.0,2019
1000,부산광역시,부산광역시,노년층,75449.0,79734.0,-4285.0,27483.0,33505.0,33505.0,14461.0,18746.0,2020
1001,부산광역시,부산광역시,중장년층,197313.0,204805.0,-7492.0,67096.0,88456.0,88456.0,41761.0,49253.0,2010
1002,부산광역시,부산광역시,중장년층,193767.0,200272.0,-6505.0,67024.0,81667.0,81667.0,45076.0,51581.0,2011
1003,부산광역시,부산광역시,중장년층,173805.0,179344.0,-5539.0,60132.0,73827.0,73827.0,39846.0,45385.0,2012
1004,부산광역시,부산광역시,중장년층,178846.0,184183.0,-5337.0,62051.0,77761.0,77761.0,39034.0,44371.0,2013
1005,부산광역시,부산광역시,중장년층,184445.0,188740.0,-4295.0,62034.0,77236.0,77236.0,45175.0,49470.0,2014
1006,부산광역시,부산광역시,중장년층,194603.0,199250.0,-4647.0,66766.0,83634.0,83634.0,44203.0,48850.0,2015
1007,부산광역시,부산광역시,중장년층,173931.0,181109.0,-7178.0,59206.0,75656.0,75656.0,39069.0,46247.0,2016
1008,부산광역시,부산광역시,중장년층,165136.0,175828.0,-10692.0,55533.0,70535.0,70535.0,39068.0,49760.0,2017
1009,부산광역시,부산광역시,중장년층,155269.0,165212.0,-9943.0,52108.0,68998.0,68998.0,34163.0,44106.0,2018
1010,부산광역시,부산광역시,중장년층,150514.0,159200.0,-8686.0,49387.0,67247.0,67247.0,33880.0,42566.0,2019
1011,부산광역시,부산광역시,중장년층,180123.0,185271.0,-5148.0,60964.0,81234.0,81234.0,37925.0,43073.0,2020
1012,부산광역시,부산광역시,청년층,159002.0,174564.0,-15562.0,42598.0,67573.0,67573.0,48831.0,64393.0,2010
1013,부산광역시,부산광역시,청년층,155414.0,169535.0,-14121.0,41734.0,64099.0,64099.0,49581.0,63702.0,2011
1014,부산광역시,부산광역시,청년층,144346.0,157377.0,-13031.0,38130.0,59516.0,59516.0,46700.0,59731.0,2012
1015,부산광역시,부산광역시,청년층,149166.0,159876.0,-10710.0,39817.0,62351.0,62351.0,46998.0,57708.0,2013
1016,부산광역시,부산광역시,청년층,151615.0,160402.0,-8787.0,38820.0,61602.0,61602.0,51193.0,59980.0,2014
1017,부산광역시,부산광역시,청년층,155751.0,162912.0,-7161.0,40114.0,64368.0,64368.0,51269.0,58430.0,2015
1018,부산광역시,부산광역시,청년층,144098.0,152618.0,-8520.0,36590.0,59157.0,59157.0,48351.0,56871.0,2016
1019,부산광역시,부산광역시,청년층,140754.0,150259.0,-9505.0,34866.0,57961.0,57961.0,47927.0,57432.0,2017
1020,부산광역시,부산광역시,청년층,133275.0,144181.0,-10906.0,32325.0,55841.0,55841.0,45109.0,56015.0,2018
1021,부산광역시,부산광역시,청년층,137377.0,147016.0,-9639.0,32407.0,57332.0,57332.0,47638.0,57277.0,2019
1022,부산광역시,부산광역시,청년층,161537.0,167176.0,-5639.0,39006.0,69485.0,69485.0,53046.0,58685.0,2020
1254,세종특별자치시,세종특별자치시,노년층,0.0,0.0,0.0,0.0,0.0,0.0,0.0,0.0,2010
1255,세종특별자치시,세종특별자치시,노년층,0.0,0.0,0.0,0.0,0.0,0.0,0.0,0.0,2011
1256,세종특별자치시,세종특별자치시,노년층,2583.0,1529.0,1054.0,486.0,0.0,0.0,2097.0,1043.0,2012
1257,세종특별자치시,세종특별자치시,노년층,2289.0,1788.0,501.0,624.0,0.0,0.0,1665.0,1164.0,2013
1258,세종특별자치시,세종특별자치시,노년층,4071.0,2141.0,1930.0,908.0,0.0,0.0,3163.0,1233.0,2014
1259,세종특별자치시,세종특별자치시,노년층,6223.0,2870.0,3353.0,1230.0,0.0,0.0,4993.0,1640.0,2015
1260,세종특별자치시,세종특별자치시,노년층,5473.0,3296.0,2177.0,1205.0,0.0,0.0,4268.0,2091.0,2016
1261,세종특별자치시,세종특별자치시,노년층,6965.0,4280.0,2685.0,1873.0,0.0,0.0,5092.0,2407.0,2017
1262,세종특별자치시,세종특별자치시,노년층,7674.0,5115.0,2559.0,2309.0,0.0,0.0,5365.0,2806.0,2018
1263,세종특별자치시,세종특별자치시,노년층,7588.0,5541.0,2047.0,2488.0,0.0,0.0,5100.0,3053.0,2019
1264,세종특별자치시,세종특별자치시,노년층,8346.0,6972.0,1374.0,2988.0,0.0,0.0,5358.0,3984.0,2020
1265,세종특별자치시,세종특별자치시,중장년층,0.0,0.0,0.0,0.0,0.0,0.0,0.0,0.0,2010
1266,세종특별자치시,세종특별자치시,중장년층,0.0,0.0,0.0,0.0,0.0,0.0,0.0,0.0,2011
1267,세종특별자치시,세종특별자치시,중장년층,12835.0,5594.0,7241.0,1786.0,0.0,0.0,11049.0,3808.0,2012
1268,세종특별자치시,세종특별자치시,중장년층,9171.0,5509.0,3662.0,1502.0,0.0,0.0,7669.0,4007.0,2013
1269,세종특별자치시,세종특별자치시,중장년층,22368.0,8986.0,13382.0,4168.0,0.0,0.0,18200.0,4818.0,2014
1270,세종특별자치시,세종특별자치시,중장년층,33123.0,11757.0,21366.0,5494.0,0.0,0.0,27629.0,6263.0,2015
1271,세종특별자치시,세종특별자치시,중장년층,25380.0,13407.0,11973.0,5753.0,0.0,0.0,19627.0,7654.0,2016
1272,세종특별자치시,세종특별자치시,중장년층,32497.0,18373.0,14124.0,9350.0,0.0,0.0,23147.0,9023.0,2017
1273,세종특별자치시,세종특별자치시,중장년층,34009.0,21746.0,12263.0,11698.0,0.0,0.0,22311.0,10048.0,2018
1274,세종특별자치시,세종특별자치시,중장년층,32640.0,23037.0,9603.0,11771.0,0.0,0.0,20869.0,11266.0,2019
1275,세종특별자치시,세종특별자치시,중장년층,30829.0,25643.0,5186.0,12075.0,0.0,0.0,18754.0,13568.0,2020
1276,세종특별자치시,세종특별자치시,청년층,0.0,0.0,0.0,0.0,0.0,0.0,0.0,0.0,2010
1277,세종특별자치시,세종특별자치시,청년층,0.0,0.0,0.0,0.0,0.0,0.0,0.0,0.0,2011
1278,세종특별자치시,세종특별자치시,청년층,8163.0,4609.0,3554.0,1025.0,0.0,0.0,7138.0,3584.0,2012
1279,세종특별자치시,세종특별자치시,청년층,6919.0,4693.0,2226.0,917.0,0.0,0.0,6002.0,3776.0,2013
1280,세종특별자치시,세종특별자치시,청년층,14765.0,6584.0,8181.0,2268.0,0.0,0.0,12497.0,4316.0,2014
1281,세종특별자치시,세종특별자치시,청년층,21543.0,9046.0,12497.0,3206.0,0.0,0.0,18337.0,5840.0,2015
1282,세종특별자치시,세종특별자치시,청년층,19141.0,11180.0,7961.0,4054.0,0.0,0.0,15087.0,7126.0,2016
1283,세종특별자치시,세종특별자치시,청년층,22865.0,14218.0,8647.0,5935.0,0.0,0.0,16930.0,8283.0,2017
1284,세종특별자치시,세종특별자치시,청년층,24240.0,15643.0,8597.0,6707.0,0.0,0.0,17533.0,8936.0,2018
1285,세종특별자치시,세종특별자치시,청년층,24279.0,17697.0,6582.0,7156.0,0.0,0.0,17123.0,10541.0,2019
1286,세종특별자치시,세종특별자치시,청년층,23394.0,19636.0,3758.0,7733.0,0.0,0.0,15661.0,11903.0,2020
1782,울산광역시,울산광역시,노년층,11428.0,11148.0,280.0,3460.0,3766.0,3766.0,4202.0,3922.0,2010
1783,울산광역시,울산광역시,노년층,12167.0,11736.0,431.0,3879.0,3862.0,3862.0,4426.0,3995.0,2011
1784,울산광역시,울산광역시,노년층,12395.0,12200.0,195.0,4099.0,3877.0,3877.0,4419.0,4224.0,2012
1785,울산광역시,울산광역시,노년층,12262.0,12032.0,230.0,3805.0,3911.0,3911.0,4546.0,4316.0,2013
1786,울산광역시,울산광역시,노년층,13938.0,13822.0,116.0,4548.0,4821.0,4821.0,4569.0,4453.0,2014
1787,울산광역시,울산광역시,노년층,15178.0,15133.0,45.0,5070.0,5194.0,5194.0,4914.0,4869.0,2015
1788,울산광역시,울산광역시,노년층,14192.0,14764.0,-572.0,5052.0,4768.0,4768.0,4372.0,4944.0,2016
1789,울산광역시,울산광역시,노년층,13576.0,14446.0,-870.0,4623.0,4770.0,4770.0,4183.0,5053.0,2017
1790,울산광역시,울산광역시,노년층,13915.0,14638.0,-723.0,4724.0,4946.0,4946.0,4245.0,4968.0,2018
1791,울산광역시,울산광역시,노년층,15624.0,16154.0,-530.0,5411.0,5767.0,5767.0,4446.0,4976.0,2019
1792,울산광역시,울산광역시,노년층,17051.0,18149.0,-1098.0,6239.0,6173.0,6173.0,4639.0,5737.0,2020
1793,울산광역시,울산광역시,중장년층,59065.0,60175.0,-1110.0,22112.0,21810.0,21810.0,15143.0,16253.0,2010
1794,울산광역시,울산광역시,중장년층,61211.0,60487.0,724.0,24103.0,20723.0,20723.0,16385.0,15661.0,2011
1795,울산광역시,울산광역시,중장년층,59645.0,58664.0,981.0,23327.0,19305.0,19305.0,17013.0,16032.0,2012
1796,울산광역시,울산광역시,중장년층,59133.0,58532.0,601.0,23257.0,18806.0,18806.0,17070.0,16469.0,2013
1797,울산광역시,울산광역시,중장년층,66349.0,65211.0,1138.0,24763.0,23659.0,23659.0,17927.0,16789.0,2014
1798,울산광역시,울산광역시,중장년층,65179.0,65072.0,107.0,23463.0,23128.0,23128.0,18588.0,18481.0,2015
1799,울산광역시,울산광역시,중장년층,55739.0,58389.0,-2650.0,22405.0,18695.0,18695.0,14639.0,17289.0,2016
1800,울산광역시,울산광역시,중장년층,51880.0,55288.0,-3408.0,19483.0,18777.0,18777.0,13620.0,17028.0,2017
1801,울산광역시,울산광역시,중장년층,49434.0,52888.0,-3454.0,18411.0,17606.0,17606.0,13417.0,16871.0,2018
1802,울산광역시,울산광역시,중장년층,55140.0,57559.0,-2419.0,20941.0,20865.0,20865.0,13334.0,15753.0,2019
1803,울산광역시,울산광역시,중장년층,51586.0,55318.0,-3732.0,20047.0,18302.0,18302.0,13237.0,16969.0,2020
1804,울산광역시,울산광역시,청년층,52171.0,53512.0,-1341.0,15744.0,17108.0,17108.0,19319.0,20660.0,2010
1805,울산광역시,울산광역시,청년층,53831.0,52677.0,1154.0,16481.0,16737.0,16737.0,20613.0,19459.0,2011
1806,울산광역시,울산광역시,청년층,54863.0,52179.0,2684.0,16487.0,16376.0,16376.0,22000.0,19316.0,2012
1807,울산광역시,울산광역시,청년층,54458.0,52602.0,1856.0,16737.0,15882.0,15882.0,21839.0,19983.0,2013
1808,울산광역시,울산광역시,청년층,58952.0,57255.0,1697.0,17318.0,18933.0,18933.0,22701.0,21004.0,2014
1809,울산광역시,울산광역시,청년층,57577.0,57008.0,569.0,16203.0,18708.0,18708.0,22666.0,22097.0,2015
1810,울산광역시,울산광역시,청년층,50580.0,53391.0,-2811.0,16048.0,15262.0,15262.0,19270.0,22081.0,2016
1811,울산광역시,울산광역시,청년층,44852.0,50113.0,-5261.0,13134.0,14894.0,14894.0,16824.0,22085.0,2017
1812,울산광역시,울산광역시,청년층,42314.0,48400.0,-6086.0,12056.0,14056.0,14056.0,16202.0,22288.0,2018
1813,울산광역시,울산광역시,청년층,46541.0,51775.0,-5234.0,13493.0,16092.0,16092.0,16956.0,22190.0,2019
1814,울산광역시,울산광역시,청년층,46532.0,52897.0,-6365.0,13569.0,15158.0,15158.0,17805.0,24170.0,2020
1947,인천광역시,인천광역시,노년층,39772.0,38727.0,1045.0,12987.0,12338.0,12338.0,14447.0,13402.0,2010
1948,인천광역시,인천광역시,노년층,43509.0,40199.0,3310.0,14062.0,13256.0,13256.0,16191.0,12881.0,2011
1949,인천광역시,인천광역시,노년층,41088.0,37971.0,3117.0,12710.0,12562.0,12562.0,15816.0,12699.0,2012
1950,인천광역시,인천광역시,노년층,43648.0,40984.0,2664.0,14184.0,13198.0,13198.0,16266.0,13602.0,2013
1951,인천광역시,인천광역시,노년층,44855.0,42785.0,2070.0,15516.0,13398.0,13398.0,15941.0,13871.0,2014
1952,인천광역시,인천광역시,노년층,50902.0,48284.0,2618.0,18331.0,15365.0,15365.0,17206.0,14588.0,2015
1953,인천광역시,인천광역시,노년층,50309.0,48564.0,1745.0,18244.0,15110.0,15110.0,16955.0,15210.0,2016
1954,인천광역시,인천광역시,노년층,49993.0,48732.0,1261.0,18123.0,15187.0,15187.0,16683.0,15422.0,2017
1955,인천광역시,인천광역시,노년층,55068.0,53407.0,1661.0,20339.0,17029.0,17029.0,17700.0,16039.0,2018
1956,인천광역시,인천광역시,노년층,55321.0,54650.0,671.0,21134.0,16797.0,16797.0,17390.0,16719.0,2019
1957,인천광역시,인천광역시,노년층,61064.0,61678.0,-614.0,23323.0,18842.0,18842.0,18899.0,19513.0,2020
1958,인천광역시,인천광역시,중장년층,173190.0,172551.0,639.0,62524.0,54953.0,54953.0,55713.0,55074.0,2010
1959,인천광역시,인천광역시,중장년층,188512.0,179471.0,9041.0,66429.0,60507.0,60507.0,61576.0,52535.0,2011
1960,인천광역시,인천광역시,중장년층,177895.0,169340.0,8555.0,61490.0,55576.0,55576.0,60829.0,52274.0,2012
1961,인천광역시,인천광역시,중장년층,176680.0,169730.0,6950.0,63359.0,54166.0,54166.0,59155.0,52205.0,2013
1962,인천광역시,인천광역시,중장년층,175309.0,173066.0,2243.0,65162.0,53111.0,53111.0,57036.0,54793.0,2014
1963,인천광역시,인천광역시,중장년층,186294.0,183649.0,2645.0,71077.0,56916.0,56916.0,58301.0,55656.0,2015
1964,인천광역시,인천광역시,중장년층,174726.0,173893.0,833.0,66273.0,53028.0,53028.0,55425.0,54592.0,2016
1965,인천광역시,인천광역시,중장년층,161402.0,163589.0,-2187.0,60754.0,48406.0,48406.0,52242.0,54429.0,2017
1966,인천광역시,인천광역시,중장년층,170865.0,171880.0,-1015.0,63896.0,53628.0,53628.0,53341.0,54356.0,2018
1967,인천광역시,인천광역시,중장년층,163378.0,164727.0,-1349.0,60870.0,50848.0,50848.0,51660.0,53009.0,2019
1968,인천광역시,인천광역시,중장년층,170517.0,177094.0,-6577.0,65321.0,52850.0,52850.0,52346.0,58923.0,2020
1969,인천광역시,인천광역시,청년층,144788.0,143024.0,1764.0,42812.0,45011.0,45011.0,56965.0,55201.0,2010
1970,인천광역시,인천광역시,청년층,151780.0,142484.0,9296.0,43715.0,47139.0,47139.0,60926.0,51630.0,2011
1971,인천광역시,인천광역시,청년층,146037.0,135827.0,10210.0,41512.0,43516.0,43516.0,61009.0,50799.0,2012
1972,인천광역시,인천광역시,청년층,142073.0,133440.0,8633.0,41603.0,41914.0,41914.0,58556.0,49923.0,2013
1973,인천광역시,인천광역시,청년층,138954.0,135302.0,3652.0,42604.0,40292.0,40292.0,56058.0,52406.0,2014
1974,인천광역시,인천광역시,청년층,142234.0,139378.0,2856.0,44640.0,41440.0,41440.0,56154.0,53298.0,2015
1975,인천광역시,인천광역시,청년층,133943.0,130838.0,3105.0,41242.0,38022.0,38022.0,54679.0,51574.0,2016
1976,인천광역시,인천광역시,청년층,125409.0,124158.0,1251.0,37434.0,34908.0,34908.0,53067.0,51816.0,2017
1977,인천광역시,인천광역시,청년층,132696.0,130969.0,1727.0,39393.0,38374.0,38374.0,54929.0,53202.0,2018
1978,인천광역시,인천광역시,청년층,133112.0,132627.0,485.0,39253.0,38227.0,38227.0,55632.0,55147.0,2019
1979,인천광역시,인천광역시,청년층,142325.0,147269.0,-4944.0,43604.0,42112.0,42112.0,56609.0,61553.0,2020
1980,전라남도,전라남도,노년층,28594.0,29209.0,-615.0,10538.0,5417.0,5417.0,12639.0,13254.0,2010
1981,전라남도,전라남도,노년층,27847.0,28402.0,-555.0,10068.0,5299.0,5299.0,12480.0,13035.0,2011
1982,전라남도,전라남도,노년층,26557.0,26454.0,103.0,9309.0,4913.0,4913.0,12335.0,12232.0,2012
1983,전라남도,전라남도,노년층,27144.0,26808.0,336.0,9922.0,5108.0,5108.0,12114.0,11778.0,2013
1984,전라남도,전라남도,노년층,28581.0,27908.0,673.0,10292.0,5391.0,5391.0,12898.0,12225.0,2014
1985,전라남도,전라남도,노년층,28263.0,27802.0,461.0,10178.0,5394.0,5394.0,12691.0,12230.0,2015
1986,전라남도,전라남도,노년층,27895.0,27818.0,77.0,10204.0,5438.0,5438.0,12253.0,12176.0,2016
1987,전라남도,전라남도,노년층,29233.0,28379.0,854.0,10830.0,5647.0,5647.0,12756.0,11902.0,2017
1988,전라남도,전라남도,노년층,30770.0,30724.0,46.0,11293.0,6180.0,6180.0,13297.0,13251.0,2018
1989,전라남도,전라남도,노년층,31641.0,31327.0,314.0,11663.0,6385.0,6385.0,13593.0,13279.0,2019
1990,전라남도,전라남도,노년층,35089.0,33724.0,1365.0,13725.0,7102.0,7102.0,14262.0,12897.0,2020
1991,전라남도,전라남도,중장년층,96127.0,94259.0,1868.0,39977.0,20317.0,20317.0,35833.0,33965.0,2010
1992,전라남도,전라남도,중장년층,95416.0,91033.0,4383.0,37976.0,21185.0,21185.0,36255.0,31872.0,2011
1993,전라남도,전라남도,중장년층,87993.0,84299.0,3694.0,34858.0,19167.0,19167.0,33968.0,30274.0,2012
1994,전라남도,전라남도,중장년층,91178.0,86053.0,5125.0,37033.0,20400.0,20400.0,33745.0,28620.0,2013
1995,전라남도,전라남도,중장년층,99758.0,94600.0,5158.0,41755.0,21184.0,21184.0,36819.0,31661.0,2014
1996,전라남도,전라남도,중장년층,97083.0,89929.0,7154.0,37474.0,20762.0,20762.0,38847.0,31693.0,2015
1997,전라남도,전라남도,중장년층,91068.0,86079.0,4989.0,35451.0,20554.0,20554.0,35063.0,30074.0,2016
1998,전라남도,전라남도,중장년층,89668.0,84808.0,4860.0,34160.0,21067.0,21067.0,34441.0,29581.0,2017
1999,전라남도,전라남도,중장년층,89167.0,86133.0,3034.0,33759.0,21247.0,21247.0,34161.0,31127.0,2018
2000,전라남도,전라남도,중장년층,88105.0,85548.0,2557.0,34004.0,21392.0,21392.0,32709.0,30152.0,2019
2001,전라남도,전라남도,중장년층,95871.0,92830.0,3041.0,37679.0,24675.0,24675.0,33517.0,30476.0,2020
2002,전라남도,전라남도,청년층,76210.0,84892.0,-8682.0,25917.0,15395.0,15395.0,34898.0,43580.0,2010
2003,전라남도,전라남도,청년층,74642.0,81990.0,-7348.0,25079.0,15903.0,15903.0,33660.0,41008.0,2011
2004,전라남도,전라남도,청년층,68461.0,75658.0,-7197.0,22446.0,14103.0,14103.0,31912.0,39109.0,2012
2005,전라남도,전라남도,청년층,67669.0,74345.0,-6676.0,23122.0,14398.0,14398.0,30149.0,36825.0,2013
2006,전라남도,전라남도,청년층,72331.0,78058.0,-5727.0,25295.0,14828.0,14828.0,32208.0,37935.0,2014
2007,전라남도,전라남도,청년층,70060.0,74383.0,-4323.0,22103.0,14576.0,14576.0,33381.0,37704.0,2015
2008,전라남도,전라남도,청년층,65304.0,73033.0,-7729.0,20781.0,14322.0,14322.0,30201.0,37930.0,2016
2009,전라남도,전라남도,청년층,63080.0,70296.0,-7216.0,19893.0,14143.0,14143.0,29044.0,36260.0,2017
2010,전라남도,전라남도,청년층,62472.0,71460.0,-8988.0,19316.0,14224.0,14224.0,28932.0,37920.0,2018
2011,전라남도,전라남도,청년층,64947.0,74112.0,-9165.0,20068.0,14937.0,14937.0,29942.0,39107.0,2019
2012,전라남도,전라남도,청년층,67937.0,79996.0,-12059.0,22045.0,16794.0,16794.0,29098.0,41157.0,2020
2013,전라북도,전라북도,노년층,33119.0,32702.0,417.0,16080.0,8083.0,8083.0,8956.0,8539.0,2010
2014,전라북도,전라북도,노년층,34253.0,33446.0,807.0,16731.0,8415.0,8415.0,9107.0,8300.0,2011
2015,전라북도,전라북도,노년층,31024.0,30006.0,1018.0,14810.0,7350.0,7350.0,8864.0,7846.0,2012
2016,전라북도,전라북도,노년층,29818.0,28842.0,976.0,14135.0,7092.0,7092.0,8591.0,7615.0,2013
2017,전라북도,전라북도,노년층,31810.0,30807.0,1003.0,15722.0,7428.0,7428.0,8660.0,7657.0,2014
2018,전라북도,전라북도,노년층,31265.0,30270.0,995.0,15468.0,7237.0,7237.0,8560.0,7565.0,2015
2019,전라북도,전라북도,노년층,31394.0,30764.0,630.0,15280.0,7600.0,7600.0,8514.0,7884.0,2016
2020,전라북도,전라북도,노년층,30788.0,29973.0,815.0,14354.0,7760.0,7760.0,8674.0,7859.0,2017
2021,전라북도,전라북도,노년층,33987.0,33992.0,-5.0,17156.0,8269.0,8269.0,8562.0,8567.0,2018
2022,전라북도,전라북도,노년층,33062.0,32729.0,333.0,16741.0,7673.0,7673.0,8648.0,8315.0,2019
2023,전라북도,전라북도,노년층,37618.0,36626.0,992.0,19851.0,8257.0,8257.0,9510.0,8518.0,2020
2024,전라북도,전라북도,중장년층,108845.0,105660.0,3185.0,57737.0,25240.0,25240.0,25868.0,22683.0,2010
2025,전라북도,전라북도,중장년층,109114.0,105073.0,4041.0,57222.0,25336.0,25336.0,26556.0,22515.0,2011
2026,전라북도,전라북도,중장년층,97806.0,94567.0,3239.0,49775.0,22403.0,22403.0,25628.0,22389.0,2012
2027,전라북도,전라북도,중장년층,94845.0,91568.0,3277.0,49438.0,21224.0,21224.0,24183.0,20906.0,2013
2028,전라북도,전라북도,중장년층,103664.0,100107.0,3557.0,54009.0,23813.0,23813.0,25842.0,22285.0,2014
2029,전라북도,전라북도,중장년층,99093.0,96276.0,2817.0,52114.0,22251.0,22251.0,24728.0,21911.0,2015
2030,전라북도,전라북도,중장년층,93907.0,91639.0,2268.0,47930.0,21853.0,21853.0,24124.0,21856.0,2016
2031,전라북도,전라북도,중장년층,88058.0,87105.0,953.0,43444.0,21449.0,21449.0,23165.0,22212.0,2017
2032,전라북도,전라북도,중장년층,93688.0,94393.0,-705.0,50197.0,21689.0,21689.0,21802.0,22507.0,2018
2033,전라북도,전라북도,중장년층,87306.0,87806.0,-500.0,46705.0,19971.0,19971.0,20630.0,21130.0,2019
2034,전라북도,전라북도,중장년층,95357.0,94195.0,1162.0,52865.0,20155.0,20155.0,22337.0,21175.0,2020
2035,전라북도,전라북도,청년층,89293.0,95480.0,-6187.0,40882.0,20821.0,20821.0,27590.0,33777.0,2010
2036,전라북도,전라북도,청년층,89799.0,94068.0,-4269.0,40332.0,21324.0,21324.0,28143.0,32412.0,2011
2037,전라북도,전라북도,청년층,78094.0,85756.0,-7662.0,34976.0,18654.0,18654.0,24464.0,32126.0,2012
2038,전라북도,전라북도,청년층,72329.0,79442.0,-7113.0,33060.0,16334.0,16334.0,22935.0,30048.0,2013
2039,전라북도,전라북도,청년층,75595.0,83097.0,-7502.0,34652.0,17633.0,17633.0,23310.0,30812.0,2014
2040,전라북도,전라북도,청년층,73203.0,79938.0,-6735.0,32552.0,17137.0,17137.0,23514.0,30249.0,2015
2041,전라북도,전라북도,청년층,69313.0,76959.0,-7646.0,29469.0,17273.0,17273.0,22571.0,30217.0,2016
2042,전라북도,전라북도,청년층,65381.0,73688.0,-8307.0,26573.0,16705.0,16705.0,22103.0,30410.0,2017
2043,전라북도,전라북도,청년층,67124.0,78408.0,-11284.0,30211.0,16591.0,16591.0,20322.0,31606.0,2018
2044,전라북도,전라북도,청년층,64992.0,76146.0,-11154.0,28445.0,16039.0,16039.0,20508.0,31662.0,2019
2045,전라북도,전라북도,청년층,72185.0,82199.0,-10014.0,33196.0,16883.0,16883.0,22106.0,32120.0,2020
2046,제주특별자치도,제주특별자치도,노년층,5581.0,5470.0,111.0,3454.0,600.0,600.0,1527.0,1416.0,2010
2047,제주특별자치도,제주특별자치도,노년층,6235.0,5858.0,377.0,3852.0,584.0,584.0,1799.0,1422.0,2011
2048,제주특별자치도,제주특별자치도,노년층,6054.0,5542.0,512.0,3479.0,574.0,574.0,2001.0,1489.0,2012
2049,제주특별자치도,제주특별자치도,노년층,6814.0,6234.0,580.0,4076.0,551.0,551.0,2187.0,1607.0,2013
2050,제주특별자치도,제주특별자치도,노년층,7651.0,6730.0,921.0,4415.0,636.0,636.0,2600.0,1679.0,2014
2051,제주특별자치도,제주특별자치도,노년층,8804.0,7308.0,1496.0,4608.0,726.0,726.0,3470.0,1974.0,2015
2052,제주특별자치도,제주특별자치도,노년층,10056.0,8589.0,1467.0,5508.0,786.0,786.0,3762.0,2295.0,2016
2053,제주특별자치도,제주특별자치도,노년층,9813.0,8738.0,1075.0,5306.0,831.0,831.0,3676.0,2601.0,2017
2054,제주특별자치도,제주특별자치도,노년층,10245.0,9517.0,728.0,5736.0,844.0,844.0,3665.0,2937.0,2018
2055,제주특별자치도,제주특별자치도,노년층,9682.0,9419.0,263.0,5377.0,852.0,852.0,3453.0,3190.0,2019
2056,제주특별자치도,제주특별자치도,노년층,10388.0,10195.0,193.0,5819.0,881.0,881.0,3688.0,3495.0,2020
2057,제주특별자치도,제주특별자치도,중장년층,28863.0,27867.0,996.0,17746.0,2893.0,2893.0,8224.0,7228.0,2010
2058,제주특별자치도,제주특별자치도,중장년층,31493.0,29544.0,1949.0,19520.0,3145.0,3145.0,8828.0,6879.0,2011
2059,제주특별자치도,제주특별자치도,중장년층,30569.0,27493.0,3076.0,17664.0,2975.0,2975.0,9930.0,6854.0,2012
2060,제주특별자치도,제주특별자치도,중장년층,35098.0,30724.0,4374.0,20655.0,2951.0,2951.0,11492.0,7118.0,2013
2061,제주특별자치도,제주특별자치도,중장년층,37283.0,31558.0,5725.0,20450.0,3418.0,3418.0,13415.0,7690.0,2014
2062,제주특별자치도,제주특별자치도,중장년층,40661.0,32702.0,7959.0,20413.0,3430.0,3430.0,16818.0,8859.0,2015
2063,제주특별자치도,제주특별자치도,중장년층,45339.0,37252.0,8087.0,23787.0,3812.0,3812.0,17740.0,9653.0,2016
2064,제주특별자치도,제주특별자치도,중장년층,45142.0,37385.0,7757.0,22837.0,4177.0,4177.0,18128.0,10371.0,2017
2065,제주특별자치도,제주특별자치도,중장년층,44446.0,39474.0,4972.0,23518.0,4177.0,4177.0,16751.0,11779.0,2018
2066,제주특별자치도,제주특별자치도,중장년층,40191.0,37599.0,2592.0,21486.0,3845.0,3845.0,14860.0,12268.0,2019
2067,제주특별자치도,제주특별자치도,중장년층,41110.0,38649.0,2461.0,21772.0,4010.0,4010.0,15328.0,12867.0,2020
2068,제주특별자치도,제주특별자치도,청년층,21972.0,22791.0,-819.0,11742.0,2769.0,2769.0,7461.0,8280.0,2010
2069,제주특별자치도,제주특별자치도,청년층,22605.0,23145.0,-540.0,12459.0,2702.0,2702.0,7444.0,7984.0,2011
2070,제주특별자치도,제주특별자치도,청년층,22106.0,21931.0,175.0,11413.0,2417.0,2417.0,8276.0,8101.0,2012
2071,제주특별자치도,제주특별자치도,청년층,23816.0,22845.0,971.0,12766.0,2256.0,2256.0,8794.0,7823.0,2013
2072,제주특별자치도,제주특별자치도,청년층,25174.0,22881.0,2293.0,12310.0,2465.0,2465.0,10399.0,8106.0,2014
2073,제주특별자치도,제주특별자치도,청년층,25940.0,23826.0,2114.0,12228.0,2520.0,2520.0,11192.0,9078.0,2015
2074,제주특별자치도,제주특별자치도,청년층,28050.0,25569.0,2481.0,13659.0,2636.0,2636.0,11755.0,9274.0,2016
2075,제주특별자치도,제주특별자치도,청년층,28398.0,25793.0,2605.0,12927.0,2826.0,2826.0,12645.0,10040.0,2017
2076,제주특별자치도,제주특별자치도,청년층,28277.0,26969.0,1308.0,13598.0,2817.0,2817.0,11862.0,10554.0,2018
2077,제주특별자치도,제주특별자치도,청년층,26851.0,27359.0,-508.0,13077.0,2813.0,2813.0,10961.0,11469.0,2019
2078,제주특별자치도,제주특별자치도,청년층,28486.0,29044.0,-558.0,13908.0,3034.0,3034.0,11544.0,12102.0,2020
2178,충청남도,충청남도,노년층,26547.0,24934.0,1613.0,9499.0,3503.0,3503.0,13545.0,11932.0,2010
2179,충청남도,충청남도,노년층,27395.0,25189.0,2206.0,9665.0,3713.0,3713.0,14017.0,11811.0,2011
2180,충청남도,충청남도,노년층,25164.0,23715.0,1449.0,9116.0,3204.0,3204.0,12844.0,11395.0,2012
2181,충청남도,충청남도,노년층,25599.0,23502.0,2097.0,9288.0,3351.0,3351.0,12960.0,10863.0,2013
2182,충청남도,충청남도,노년층,27602.0,25161.0,2441.0,10046.0,3617.0,3617.0,13939.0,11498.0,2014
2183,충청남도,충청남도,노년층,28476.0,25574.0,2902.0,10379.0,3666.0,3666.0,14431.0,11529.0,2015
2184,충청남도,충청남도,노년층,29256.0,25831.0,3425.0,10517.0,3821.0,3821.0,14918.0,11493.0,2016
2185,충청남도,충청남도,노년층,30759.0,26920.0,3839.0,11375.0,3955.0,3955.0,15429.0,11590.0,2017
2186,충청남도,충청남도,노년층,32502.0,29673.0,2829.0,12734.0,4232.0,4232.0,15536.0,12707.0,2018
2187,충청남도,충청남도,노년층,31224.0,29196.0,2028.0,11867.0,4186.0,4186.0,15171.0,13143.0,2019
2188,충청남도,충청남도,노년층,36810.0,33406.0,3404.0,14003.0,4839.0,4839.0,17968.0,14564.0,2020
2189,충청남도,충청남도,중장년층,109268.0,101171.0,8097.0,46239.0,16209.0,16209.0,46820.0,38723.0,2010
2190,충청남도,충청남도,중장년층,111475.0,102271.0,9204.0,46423.0,17107.0,17107.0,47945.0,38741.0,2011
2191,충청남도,충청남도,중장년층,100802.0,94810.0,5992.0,43924.0,14067.0,14067.0,42811.0,36819.0,2012
2192,충청남도,충청남도,중장년층,99565.0,92430.0,7135.0,43592.0,13866.0,13866.0,42107.0,34972.0,2013
2193,충청남도,충청남도,중장년층,105217.0,99596.0,5621.0,45510.0,15730.0,15730.0,43977.0,38356.0,2014
2194,충청남도,충청남도,중장년층,106741.0,100977.0,5764.0,46052.0,15508.0,15508.0,45181.0,39417.0,2015
2195,충청남도,충청남도,중장년층,105833.0,97132.0,8701.0,44902.0,16179.0,16179.0,44752.0,36051.0,2016
2196,충청남도,충청남도,중장년층,108465.0,98318.0,10147.0,47085.0,15479.0,15479.0,45901.0,35754.0,2017
2197,충청남도,충청남도,중장년층,110055.0,103138.0,6917.0,49403.0,16282.0,16282.0,44370.0,37453.0,2018
2198,충청남도,충청남도,중장년층,96743.0,94154.0,2589.0,41078.0,14845.0,14845.0,40820.0,38231.0,2019
2199,충청남도,충청남도,중장년층,107998.0,104051.0,3947.0,46065.0,17516.0,17516.0,44417.0,40470.0,2020
2200,충청남도,충청남도,청년층,105417.0,102191.0,3226.0,36209.0,16805.0,16805.0,52403.0,49177.0,2010
2201,충청남도,충청남도,청년층,104468.0,101214.0,3254.0,36042.0,17184.0,17184.0,51242.0,47988.0,2011
2202,충청남도,충청남도,청년층,94916.0,92668.0,2248.0,33260.0,14610.0,14610.0,47046.0,44798.0,2012
2203,충청남도,충청남도,청년층,93314.0,90580.0,2734.0,33667.0,14264.0,14264.0,45383.0,42649.0,2013
2204,충청남도,충청남도,청년층,95467.0,93747.0,1720.0,34475.0,14992.0,14992.0,46000.0,44280.0,2014
2205,충청남도,충청남도,청년층,95162.0,93948.0,1214.0,34094.0,14637.0,14637.0,46431.0,45217.0,2015
2206,충청남도,충청남도,청년층,94324.0,92983.0,1341.0,34116.0,15396.0,15396.0,44812.0,43471.0,2016
2207,충청남도,충청남도,청년층,92020.0,89471.0,2549.0,32722.0,13739.0,13739.0,45559.0,43010.0,2017
2208,충청남도,충청남도,청년층,95008.0,95571.0,-563.0,36018.0,14628.0,14628.0,44362.0,44925.0,2018
2209,충청남도,충청남도,청년층,86447.0,90354.0,-3907.0,29975.0,13672.0,13672.0,42800.0,46707.0,2019
2210,충청남도,충청남도,청년층,96776.0,101678.0,-4902.0,34392.0,16441.0,16441.0,45943.0,50845.0,2020
2211,충청북도,충청북도,노년층,21329.0,20080.0,1249.0,9264.0,3831.0,3831.0,8234.0,6985.0,2010
2212,충청북도,충청북도,노년층,20995.0,18914.0,2081.0,8853.0,3464.0,3464.0,8678.0,6597.0,2011
2213,충청북도,충청북도,노년층,20138.0,18830.0,1308.0,8348.0,3591.0,3591.0,8199.0,6891.0,2012
2214,충청북도,충청북도,노년층,21296.0,19808.0,1488.0,9336.0,3671.0,3671.0,8289.0,6801.0,2013
2215,충청북도,충청북도,노년층,21711.0,20392.0,1319.0,9933.0,3124.0,3124.0,8654.0,7335.0,2014
2216,충청북도,충청북도,노년층,22032.0,20494.0,1538.0,10455.0,2624.0,2624.0,8953.0,7415.0,2015
2217,충청북도,충청북도,노년층,22223.0,20022.0,2201.0,10228.0,2491.0,2491.0,9504.0,7303.0,2016
2218,충청북도,충청북도,노년층,22948.0,20885.0,2063.0,10587.0,2638.0,2638.0,9723.0,7660.0,2017
2219,충청북도,충청북도,노년층,25006.0,22925.0,2081.0,11883.0,2941.0,2941.0,10182.0,8101.0,2018
2220,충청북도,충청북도,노년층,25244.0,23749.0,1495.0,12447.0,3002.0,3002.0,9795.0,8300.0,2019
2221,충청북도,충청북도,노년층,29970.0,27702.0,2268.0,14941.0,3523.0,3523.0,11506.0,9238.0,2020
2222,충청북도,충청북도,중장년층,84247.0,79606.0,4641.0,39887.0,15938.0,15938.0,28422.0,23781.0,2010
2223,충청북도,충청북도,중장년층,81856.0,76459.0,5397.0,37956.0,15233.0,15233.0,28667.0,23270.0,2011
2224,충청북도,충청북도,중장년층,77064.0,72545.0,4519.0,34819.0,14361.0,14361.0,27884.0,23365.0,2012
2225,충청북도,충청북도,중장년층,78815.0,75221.0,3594.0,37755.0,14027.0,14027.0,27033.0,23439.0,2013
2226,충청북도,충청북도,중장년층,79444.0,76396.0,3048.0,39665.0,11653.0,11653.0,28126.0,25078.0,2014
2227,충청북도,충청북도,중장년층,79921.0,77291.0,2630.0,40622.0,10081.0,10081.0,29218.0,26588.0,2015
2228,충청북도,충청북도,중장년층,76155.0,71697.0,4458.0,38973.0,9030.0,9030.0,28152.0,23694.0,2016
2229,충청북도,충청북도,중장년층,74126.0,71045.0,3081.0,37375.0,9217.0,9217.0,27534.0,24453.0,2017
2230,충청북도,충청북도,중장년층,82412.0,78041.0,4371.0,43900.0,10119.0,10119.0,28393.0,24022.0,2018
2231,충청북도,충청북도,중장년층,78816.0,75331.0,3485.0,42420.0,9389.0,9389.0,27007.0,23522.0,2019
2232,충청북도,충청북도,중장년층,84693.0,80799.0,3894.0,45553.0,10386.0,10386.0,28754.0,24860.0,2020
2233,충청북도,충청북도,청년층,74645.0,75539.0,-894.0,30591.0,13902.0,13902.0,30152.0,31046.0,2010
2234,충청북도,충청북도,청년층,72489.0,72873.0,-384.0,28985.0,13675.0,13675.0,29829.0,30213.0,2011
2235,충청북도,충청북도,청년층,67813.0,69152.0,-1339.0,26824.0,12420.0,12420.0,28569.0,29908.0,2012
2236,충청북도,충청북도,청년층,67968.0,69551.0,-1583.0,28103.0,12452.0,12452.0,27413.0,28996.0,2013
2237,충청북도,충청북도,청년층,68747.0,70246.0,-1499.0,29616.0,10132.0,10132.0,28999.0,30498.0,2014
2238,충청북도,충청북도,청년층,68727.0,70115.0,-1388.0,30189.0,8724.0,8724.0,29814.0,31202.0,2015
2239,충청북도,충청북도,청년층,65272.0,67104.0,-1832.0,28746.0,7964.0,7964.0,28562.0,30394.0,2016
2240,충청북도,충청북도,청년층,63178.0,65551.0,-2373.0,26856.0,8080.0,8080.0,28242.0,30615.0,2017
2241,충청북도,충청북도,청년층,69954.0,71184.0,-1230.0,30986.0,8843.0,8843.0,30125.0,31355.0,2018
2242,충청북도,충청북도,청년층,68892.0,71656.0,-2764.0,29957.0,8916.0,8916.0,30019.0,32783.0,2019
2243,충청북도,충청북도,청년층,77806.0,80537.0,-2731.0,35785.0,10015.0,10015.0,32006.0,34737.0,2020
